HIERARCHY
ROOT Hips
{
	OFFSET 0.000000 96.227043 0.000000
	CHANNELS 6 Xposition Yposition Zposition Xrotation Yrotation Zrotation
	JOINT Spine
	{
		OFFSET 18.844400 -5.529312 -4.507404
		CHANNELS 3 Xrotation Yrotation Zrotation
		JOINT Spine1
		{
			OFFSET -0.093451 -32.082302 2.793235
			CHANNELS 3 Xrotation Yrotation Zrotation
			JOINT Spine2
			{
				OFFSET 0.093456 -31.984573 -5.636157
				CHANNELS 3 Xrotation Yrotation Zrotation
				JOINT Neck
				{
					OFFSET 1.077541 -26.551878 14.354875
					CHANNELS 3 Xrotation Yrotation Zrotation
					End Site
					{
						OFFSET 0 0 0
					}
				}
			}
		}
	}
	JOINT Head
	{
		OFFSET -18.844400 -5.529312 -4.881217
		CHANNELS 3 Xrotation Yrotation Zrotation
		JOINT HeadTop_End
		{
			OFFSET 0.122213 -32.043598 3.234913
			CHANNELS 3 Xrotation Yrotation Zrotation
			JOINT HeadTop_End1
			{
				OFFSET -0.122217 -31.792419 -5.571171
				CHANNELS 3 Xrotation Yrotation Zrotation
				JOINT Hair_Back
				{
					OFFSET -0.656431 -26.630018 14.273270
					CHANNELS 3 Xrotation Yrotation Zrotation
					End Site
					{
						OFFSET 0 0 0
					}
				}
			}
		}
	}
	JOINT LeftShoulder
	{
		OFFSET 0.000000 10.533501 -0.523275
		CHANNELS 3 Xrotation Yrotation Zrotation
		JOINT LeftArm
		{
			OFFSET 0.000000 11.299545 -1.325292
			CHANNELS 3 Xrotation Yrotation Zrotation
			JOINT LeftForeArm
			{
				OFFSET 0.000000 13.785172 -2.776498
				CHANNELS 3 Xrotation Yrotation Zrotation
				JOINT LeftHand
				{
					OFFSET 0.000000 10.127335 -2.861757
					CHANNELS 3 Xrotation Yrotation Zrotation
					JOINT LeftHandThumb1
					{
						OFFSET 0.000000 13.647385 -1.413862
						CHANNELS 3 Xrotation Yrotation Zrotation
						End Site
						{
							OFFSET 0 0 0
						}
					}
				}
				JOINT LeftHandThumb2
				{
					OFFSET 15.012800 10.971771 -0.360322
					CHANNELS 3 Xrotation Yrotation Zrotation
					JOINT LeftHandThumb3
					{
						OFFSET 25.777773 -2.567703 -13.327240
						CHANNELS 3 Xrotation Yrotation Zrotation
						JOINT LeftHandThumb4
						{
							OFFSET 29.787109 0.000000 -0.000004
							CHANNELS 3 Xrotation Yrotation Zrotation
							JOINT LeftHandIndex1
							{
								OFFSET 27.907402 0.000000 0.000000
								CHANNELS 3 Xrotation Yrotation Zrotation
								End Site
								{
									OFFSET 0 0 0
								}
							}
						}
					}
				}
				JOINT LeftHandIndex2
				{
					OFFSET -15.263000 11.005325 -0.581376
					CHANNELS 3 Xrotation Yrotation Zrotation
					JOINT LeftHandIndex3
					{
						OFFSET -25.898201 -2.575592 -13.247862
						CHANNELS 3 Xrotation Yrotation Zrotation
						JOINT LeftHandIndex4
						{
							OFFSET -29.683594 0.000000 0.000004
							CHANNELS 3 Xrotation Yrotation Zrotation
							JOINT LeftHandMiddle1
							{
								OFFSET -27.552399 0.000000 0.000002
								CHANNELS 3 Xrotation Yrotation Zrotation
								End Site
								{
									OFFSET 0 0 0
								}
							}
						}
					}
				}
			}
		}
	}
}
MOTION
Frames: 208
Frame Time: 0.03333333
-0.047264 93.255791 3.906384 -3.661500 3.331122 2.210683 -1.476730 8.141054 4.561686 18.294447 3.476359 0.657607 -12.417541 1.083400 -5.456859 0.000000 0.000000 0.000000 -1.273728 -11.747741 -11.440797 20.459019 -4.257411 -1.234021 -14.255001 -2.985225 10.816113 0.000000 0.000000 0.000000 4.353121 -0.768261 -0.559600 1.013923 -0.158665 0.059469 1.013867 -0.165818 0.077033 0.942275 -0.546183 0.136709 0.000000 0.000000 0.000000 0.690212 -2.082862 -16.857556 4.778408 -6.136919 -37.933850 0.000042 -66.118956 0.000067 0.000000 0.000000 0.000000 0.097040 8.208296 21.087120 -3.899876 6.709550 55.252597 0.000005 9.850091 0.000013 0.000000 0.000000 0.000000 
0.019249 93.263824 3.879757 -3.672372 3.376510 2.213447 -1.515904 8.158991 4.498730 18.326589 3.418919 0.659527 -12.413770 1.074631 -5.363362 0.000000 0.000000 0.000000 -1.232291 -11.766422 -11.500165 20.371324 -4.282565 -1.210848 -14.186497 -2.990466 10.872057 0.000000 0.000000 0.000000 4.305278 -0.724746 -0.585104 0.995643 -0.158665 0.059470 0.995588 -0.165817 0.077033 1.151202 -0.585444 0.136708 0.000000 0.000000 0.000000 0.675414 -2.135707 -16.822015 4.848644 -6.175052 -37.893572 -0.000008 -66.126094 -0.000006 0.000000 0.000000 0.000000 0.166962 8.241109 20.508661 -3.218630 6.331187 55.825844 -0.000018 10.294659 0.000010 0.000000 0.000000 0.000000 
0.087523 93.272049 3.853162 -3.681332 3.421840 2.216117 -1.552302 8.178343 4.432217 18.352923 3.368685 0.672671 -12.408398 1.063769 -5.278858 0.000000 0.000000 0.000000 -1.203086 -11.785523 -11.553473 20.297012 -4.290104 -1.199997 -14.125070 -2.993686 10.908849 0.000000 0.000000 0.000000 4.259370 -0.679522 -0.611185 0.976824 -0.158665 0.059469 0.976775 -0.165816 0.077033 1.346307 -0.622290 0.136708 0.000000 0.000000 0.000000 0.665346 -2.175404 -16.765867 4.944696 -6.267387 -37.818915 0.000023 -66.156891 0.000034 0.000000 0.000000 0.000000 0.247688 8.251714 19.901517 -2.547025 5.943859 56.438031 0.000003 10.736695 0.000012 0.000000 0.000000 0.000000 
0.153586 93.280045 3.826628 -3.692191 3.467172 2.219100 -1.579606 8.199696 4.367959 18.366877 3.311535 0.687500 -12.398135 1.052601 -5.210805 0.000000 0.000000 0.000000 -1.177629 -11.810321 -11.626113 20.222196 -4.293368 -1.172412 -14.049539 -2.998085 10.959418 0.000000 0.000000 0.000000 4.211629 -0.635948 -0.636883 0.958537 -0.158667 0.059469 0.958494 -0.165817 0.077033 1.555120 -0.661527 0.136708 0.000000 0.000000 0.000000 0.663056 -2.191876 -16.697215 5.066232 -6.401006 -37.692290 -0.000002 -66.213261 0.000001 0.000000 0.000000 0.000000 0.334797 8.239507 19.270154 -1.865228 5.532017 57.077965 0.000013 11.186731 -0.000020 0.000000 0.000000 0.000000 
0.215372 93.287376 3.799670 -3.708772 3.512666 2.222326 -1.617315 8.233399 4.311361 18.411916 3.258318 0.696305 -12.401804 1.040767 -5.108638 0.000000 0.000000 0.000000 -1.150041 -11.833916 -11.688518 20.172315 -4.311594 -1.140473 -13.992806 -3.001515 10.986306 0.000000 0.000000 0.000000 4.158257 -0.597444 -0.660735 0.941866 -0.158665 0.059469 0.941833 -0.165817 0.077032 1.805143 -0.707956 0.136708 0.000000 0.000000 0.000000 0.669866 -2.179754 -16.623755 5.172948 -6.537936 -37.536616 0.000026 -66.313111 0.000024 0.000000 0.000000 0.000000 0.422166 8.211658 18.640271 -1.192092 5.113339 57.713323 0.000005 11.655411 0.000004 0.000000 0.000000 0.000000 
0.265532 93.294907 3.772653 -3.739732 3.558454 2.226735 -1.637213 8.272104 4.277388 18.436123 3.182263 0.703020 -12.388604 1.027072 -5.043075 0.000000 0.000000 0.000000 -1.110509 -11.852408 -11.734417 20.125362 -4.337927 -1.122801 -13.939167 -2.989963 11.029124 0.000000 0.000000 0.000000 4.090659 -0.571630 -0.680534 0.929257 -0.158666 0.059469 0.929223 -0.165818 0.077033 2.158879 -0.772488 0.145904 0.000000 0.000000 0.000000 0.678902 -2.159673 -16.556771 5.250798 -6.613577 -37.373002 -0.000003 -66.483607 0.000014 0.000000 0.000000 0.000000 0.513855 8.157595 18.001525 -0.555923 4.699451 58.346925 -0.000003 12.153987 -0.000025 0.000000 0.000000 0.000000 
0.307478 93.302963 3.743480 -3.778042 3.604376 2.231843 -1.632491 8.300282 4.251395 18.433297 3.121846 0.712118 -12.362890 1.014574 -5.018128 0.000000 0.000000 0.000000 -1.059889 -11.863570 -11.757600 20.083379 -4.366898 -1.107417 -13.908839 -2.982379 11.041335 0.000000 0.000000 0.000000 4.031742 -0.551873 -0.694160 0.925313 -0.156526 0.059469 0.925268 -0.163918 0.077033 2.586011 -0.857677 0.159665 0.000000 0.000000 0.000000 0.680526 -2.164802 -16.487558 5.309879 -6.595609 -37.228622 0.000015 -66.670446 0.000010 0.000000 0.000000 0.000000 0.609440 8.089233 17.332399 0.048669 4.284571 58.999160 -0.000014 12.686658 0.000014 0.000000 0.000000 0.000000 
0.346280 93.309349 3.710298 -3.810802 3.650205 2.234989 -1.661387 8.314423 4.223518 18.470773 3.080298 0.722498 -12.348912 0.998795 -4.964396 0.000000 0.000000 0.000000 -1.009832 -11.869805 -11.776758 20.035293 -4.422315 -1.115158 -13.862477 -2.991330 11.090602 0.000000 0.000000 0.000000 4.014227 -0.544531 -0.695139 0.930525 -0.151094 0.068538 0.930477 -0.156966 0.077033 3.004154 -0.948807 0.172092 0.000000 0.000000 0.000000 0.675615 -2.192391 -16.415204 5.347064 -6.487093 -37.142350 -0.000008 -66.814119 -0.000008 0.000000 0.000000 0.000000 0.705791 8.034083 16.635279 0.621360 3.880563 59.667856 -0.000013 13.237271 -0.000022 0.000000 0.000000 0.000000 
0.383390 93.315308 3.671535 -3.832376 3.695708 2.237226 -1.690207 8.311819 4.201068 18.483421 3.040767 0.725916 -12.319011 0.996613 -4.942570 0.000000 0.000000 0.000000 -0.983599 -11.873996 -11.790981 19.991496 -4.452339 -1.127408 -13.821324 -2.998950 11.118905 0.000000 0.000000 0.000000 4.036459 -0.550449 -0.679728 0.946125 -0.145672 0.076849 0.946048 -0.150518 0.077032 3.382945 -1.027831 0.185281 0.000000 0.000000 0.000000 0.671315 -2.217014 -16.350081 5.374004 -6.305355 -37.123697 0.000010 -66.932514 0.000016 0.000000 0.000000 0.000000 0.797065 8.013198 15.958771 1.180276 3.495921 60.306602 0.000017 13.800381 -0.000005 0.000000 0.000000 0.000000 
0.419362 93.320381 3.625463 -3.837166 3.740813 2.240238 -1.735752 8.288009 4.175208 18.484456 3.018841 0.723592 -12.275619 0.995289 -4.936529 0.000000 0.000000 0.000000 -0.980854 -11.869311 -11.793926 19.946876 -4.501372 -1.159831 -13.783000 -3.006057 11.146920 0.000000 0.000000 0.000000 4.082502 -0.555878 -0.660649 0.965018 -0.140357 0.079426 0.964926 -0.145278 0.077032 3.704101 -1.086397 0.205111 0.000000 0.000000 0.000000 0.667036 -2.240893 -16.288304 5.400446 -6.114896 -37.159808 0.000011 -67.006642 0.000000 0.000000 0.000000 0.000000 0.881454 8.031068 15.309288 1.768082 3.107318 60.929017 0.000000 14.373908 -0.000006 0.000000 0.000000 0.000000 
0.454593 93.322762 3.570069 -3.819544 3.785457 2.247162 -1.829241 8.246304 4.145565 18.513233 3.011070 0.709787 -12.232944 0.990328 -4.895135 0.000000 0.000000 0.000000 -1.014830 -11.855307 -11.811710 19.917334 -4.559044 -1.185864 -13.737448 -3.011529 11.196386 0.000000 0.000000 0.000000 4.171527 -0.560372 -0.653260 0.986041 -0.134912 0.079571 0.985931 -0.140243 0.077033 3.947136 -1.122476 0.231357 0.000000 0.000000 0.000000 0.662866 -2.263900 -16.226561 5.449725 -6.000716 -37.206028 0.000032 -67.034031 0.000040 0.000000 0.000000 0.000000 0.970198 8.063090 14.661882 2.383495 2.709672 61.589373 0.000010 14.933987 -0.000010 0.000000 0.000000 0.000000 
0.489904 93.323059 3.503643 -3.773897 3.829489 2.260070 -1.952533 8.185952 4.104186 18.530121 3.032134 0.694656 -12.173787 0.978453 -4.862023 0.000000 0.000000 0.000000 -1.095814 -11.839352 -11.842584 19.902695 -4.619486 -1.205048 -13.698344 -3.014827 11.238119 0.000000 0.000000 0.000000 4.290642 -0.564273 -0.651213 1.007214 -0.129300 0.078215 1.007095 -0.135225 0.077033 4.108479 -1.138167 0.258393 0.000000 0.000000 0.000000 0.662802 -2.270944 -16.173480 5.526288 -5.985950 -37.218387 0.000020 -67.052336 0.000005 0.000000 0.000000 0.000000 1.056561 8.098665 14.028334 3.022257 2.293186 62.289249 -0.000007 15.475207 0.000008 0.000000 0.000000 0.000000 
0.525837 93.320862 3.424566 -3.694614 3.872787 2.278403 -2.116694 8.100193 4.043866 18.536783 3.084541 0.691135 -12.093777 0.969499 -4.843818 0.000000 0.000000 0.000000 -1.241754 -11.822386 -11.883964 19.912170 -4.660009 -1.230317 -13.663401 -3.015819 11.270115 0.000000 0.000000 0.000000 4.416074 -0.557191 -0.658288 1.024906 -0.122346 0.076295 1.024797 -0.128364 0.077032 4.227183 -1.144088 0.285185 0.000000 0.000000 0.000000 0.664649 -2.269642 -16.121075 5.569236 -6.045214 -37.202510 0.000018 -67.057336 0.000005 0.000000 0.000000 0.000000 1.134253 8.162079 13.420277 3.709777 1.834387 63.020844 0.000011 16.017630 0.000008 0.000000 0.000000 0.000000 
0.562045 93.314735 3.330840 -3.576073 3.915365 2.302468 -2.357549 7.995463 3.949608 18.594317 3.166862 0.693224 -12.026508 0.954635 -4.754041 0.000000 0.000000 0.000000 -1.455535 -11.830554 -11.980035 19.929177 -4.637410 -1.202112 -13.614536 -3.016916 11.308344 0.000000 0.000000 0.000000 4.566624 -0.523850 -0.690367 1.042652 -0.110935 0.073799 1.042557 -0.116121 0.072007 4.342913 -1.164615 0.314850 0.000000 0.000000 0.000000 0.666430 -2.266405 -16.049877 5.527956 -6.182431 -37.166474 -0.000009 -67.054781 -0.000020 0.000000 0.000000 0.000000 1.208729 8.248591 12.838596 4.442846 1.361288 63.781126 -0.000015 16.566655 0.000001 0.000000 0.000000 0.000000 
0.600474 93.306061 3.220607 -3.412663 3.957199 2.333017 -2.680961 7.876747 3.816092 18.683446 3.262180 0.705253 -11.954539 0.933685 -4.602345 0.000000 0.000000 0.000000 -1.722316 -11.874693 -12.109510 19.941115 -4.589220 -1.123055 -13.600411 -3.014658 11.274424 0.000000 0.000000 0.000000 4.771733 -0.461280 -0.753399 1.062658 -0.091754 0.069498 1.062590 -0.095835 0.067121 4.441507 -1.201985 0.345127 0.000000 0.000000 0.000000 0.667234 -2.266712 -15.956010 5.397890 -6.364711 -37.096608 0.000005 -67.101561 0.000010 0.000000 0.000000 0.000000 1.281485 8.331055 12.296817 5.167746 0.909178 64.542508 0.000006 17.121891 -0.000014 0.000000 0.000000 0.000000 
0.640059 93.293724 3.093695 -3.198771 3.998147 2.371163 -3.080995 7.705499 3.626646 18.790981 3.424099 0.741653 -11.871843 0.912597 -4.420571 0.000000 0.000000 0.000000 -2.067414 -11.919238 -12.262792 19.964891 -4.529590 -1.039598 -13.587076 -3.013663 11.237664 0.000000 0.000000 0.000000 5.046737 -0.341080 -0.851365 1.081179 -0.055322 0.065513 1.081155 -0.059315 0.063893 4.509865 -1.234671 0.383274 0.000000 0.000000 0.000000 0.664851 -2.283567 -15.820200 5.161209 -6.526437 -37.022166 0.000015 -67.219949 0.000015 0.000000 0.000000 0.000000 1.351262 8.392638 11.815718 5.818523 0.483556 65.258919 0.000018 17.688296 -0.000011 0.000000 0.000000 0.000000 
0.711159 93.251122 2.853851 -2.784502 4.045126 2.429395 -3.873139 7.435906 3.329128 19.046756 3.656764 0.816084 -11.747148 0.880771 -4.168018 0.000000 0.000000 0.000000 -2.839208 -11.878465 -12.508486 20.209792 -4.513561 -0.950683 -13.565522 -3.019602 11.220873 0.000000 0.000000 0.000000 5.404614 -0.173496 -0.958303 1.097388 -0.005218 0.062040 1.097411 -0.009406 0.061505 4.567091 -1.263512 0.433779 0.000000 0.000000 0.000000 0.657117 -2.330465 -15.625943 4.848018 -6.614807 -36.944439 -0.000022 -67.422935 -0.000013 0.000000 0.000000 0.000000 1.418818 8.436020 11.377336 6.340816 0.128955 65.885412 0.000028 18.272346 -0.000011 0.000000 0.000000 0.000000 
0.850502 93.140854 2.486341 -2.195805 4.207744 2.432644 -5.257228 7.066193 3.046932 19.802195 3.902942 0.899057 -11.726713 0.801797 -3.893607 0.000000 0.000000 0.000000 -3.974514 -11.749805 -12.796414 20.701330 -4.623429 -0.836284 -13.555189 -3.038510 11.266245 0.000000 0.000000 0.000000 5.836920 -0.036644 -1.005346 1.116400 0.034870 0.060076 1.116476 0.030324 0.061588 4.591277 -1.293397 0.479188 0.000000 0.000000 0.000000 0.649695 -2.391194 -15.373562 4.544309 -6.638863 -36.779104 0.000000 -67.784539 -0.000009 0.000000 0.000000 0.000000 1.484312 8.474484 10.949396 6.695802 -0.095900 66.365028 0.000004 18.884213 -0.000030 0.000000 0.000000 0.000000 
1.102909 92.960243 2.027332 -1.386310 4.392613 2.361226 -7.231005 6.656018 2.778953 21.072471 4.211460 0.932057 -11.815718 0.712829 -3.559435 0.000000 0.000000 0.000000 -5.538500 -11.513398 -13.145783 21.408415 -4.789092 -0.736438 -13.478202 -3.066836 11.420191 0.000000 0.000000 0.000000 6.286945 0.036957 -0.922649 1.146714 0.052571 0.065009 1.146813 0.048166 0.067693 4.567826 -1.327479 0.523041 0.000000 0.000000 0.000000 0.643478 -2.472904 -15.022333 4.256084 -6.651029 -36.535911 -0.000003 -68.302957 0.000011 0.000000 0.000000 0.000000 1.540591 8.570696 10.540111 6.901776 -0.214896 66.632293 0.000002 19.530800 0.000001 0.000000 0.000000 0.000000 
1.452166 92.753151 1.458581 -0.465027 4.643042 2.150706 -9.628132 6.277813 2.673574 22.670125 4.389847 0.896946 -11.867894 0.667527 -3.271139 0.000000 0.000000 0.000000 -7.219728 -11.161847 -13.392619 22.012568 -5.095885 -0.676960 -13.177616 -3.087382 11.674019 0.000000 0.000000 0.000000 6.961934 0.039476 -0.737916 1.228304 0.047786 0.100117 1.228394 0.042947 0.103023 4.518326 -1.362857 0.587587 0.000000 0.000000 0.000000 0.633194 -2.627403 -14.580871 3.892686 -6.619649 -36.232555 0.000031 -68.895893 0.000030 0.000000 0.000000 0.000000 1.583687 8.766783 10.145357 6.933504 -0.201669 66.684762 0.000013 20.202646 -0.000005 0.000000 0.000000 0.000000 
1.862094 92.559288 0.794923 0.303656 4.844347 1.851217 -11.893479 6.018148 2.682582 24.221550 4.466802 0.797277 -11.898324 0.613862 -3.005364 0.000000 0.000000 0.000000 -8.748004 -10.731172 -13.502376 22.451501 -5.501933 -0.746889 -12.636919 -3.097591 12.032939 0.000000 0.000000 0.000000 8.044591 0.000306 -0.548190 1.382943 0.030524 0.164392 1.382991 0.023880 0.167899 4.446350 -1.392367 0.678781 0.000000 0.000000 0.000000 0.621187 -2.833948 -14.114045 3.356047 -6.462086 -35.835267 0.000002 -69.575626 0.000019 0.000000 0.000000 0.000000 1.614869 9.033478 9.785128 6.681631 0.041169 66.504807 -0.000003 20.871245 -0.000019 0.000000 0.000000 0.000000 
2.372701 92.339272 0.002489 1.355338 4.816136 1.512108 -14.440038 5.776554 2.623082 25.706655 4.783709 0.634727 -11.877939 0.545695 -2.651959 0.000000 0.000000 0.000000 -10.859357 -10.117669 -13.673393 22.947462 -5.791387 -0.886207 -11.777534 -3.076785 12.455213 0.000000 0.000000 0.000000 9.276023 -0.018985 -0.399040 1.572849 0.016957 0.231334 1.572840 0.007964 0.236056 4.353309 -1.411745 0.781071 0.000000 0.000000 0.000000 0.610993 -2.987508 -13.590535 2.657171 -6.164139 -35.506875 -0.000018 -70.400973 -0.000020 0.000000 0.000000 0.000000 1.632575 9.354057 9.506838 6.125698 0.513626 66.028695 -0.000005 21.503427 0.000005 0.000000 0.000000 0.000000 
3.006502 92.112885 -0.953949 2.792472 4.443933 1.173826 -17.283573 5.520753 2.366918 26.967959 5.536411 0.419031 -11.754883 0.475945 -2.063658 0.000000 0.000000 0.000000 -13.707560 -9.282915 -13.924118 23.374309 -5.948281 -1.102475 -10.397797 -3.000021 12.931051 0.000000 0.000000 0.000000 10.569000 -0.000938 -0.343129 1.797215 0.014848 0.286309 1.797170 0.002878 0.292080 4.228329 -1.408329 0.867316 0.000000 0.000000 0.000000 0.610174 -3.081388 -13.040813 1.788576 -5.640936 -35.283275 -0.000005 -71.477534 0.000017 0.000000 0.000000 0.000000 1.638205 9.739903 9.257277 5.181278 1.239668 65.336606 -0.000001 22.080577 -0.000004 0.000000 0.000000 0.000000 
3.671477 91.800621 -2.135445 4.553699 3.634840 0.852581 -20.608955 5.378469 2.160590 28.404839 6.710971 0.049627 -11.696297 0.317251 -1.326599 0.000000 0.000000 0.000000 -17.539887 -8.014873 -14.065491 24.155746 -6.003170 -1.546081 -8.518160 -2.858681 13.487581 0.000000 0.000000 0.000000 12.081230 0.098524 -0.458522 2.072940 0.040817 0.317324 2.072984 0.024717 0.320931 4.092487 -1.384215 0.939051 0.000000 0.000000 0.000000 0.607014 -3.227095 -12.539086 0.725693 -4.684441 -34.969892 -0.000052 -72.975865 -0.000035 0.000000 0.000000 0.000000 1.622211 10.330159 8.978505 3.852311 2.191587 64.543348 0.000006 22.660362 -0.000026 0.000000 0.000000 0.000000 
4.336715 91.372238 -3.466338 6.739097 2.146476 0.536683 -24.396189 5.432809 2.331097 30.059413 8.255351 -0.570142 -11.874847 0.139721 -0.787856 0.000000 0.000000 0.000000 -22.713733 -6.230944 -13.968794 25.423921 -5.725376 -2.026097 -5.724304 -2.559763 13.927814 0.000000 0.000000 0.000000 13.562619 0.457397 -0.775602 2.353542 0.144839 0.313331 2.354108 0.123863 0.313504 3.975801 -1.347095 0.987069 0.000000 0.000000 0.000000 0.602997 -3.392899 -12.138465 -0.385357 -3.415817 -34.439050 -0.000013 -74.774466 -0.000020 0.000000 0.000000 0.000000 1.579584 11.225461 8.637864 2.457242 3.226002 63.637754 -0.000011 23.346526 0.000004 0.000000 0.000000 0.000000 
4.896540 90.704903 -4.879676 9.563237 0.118982 0.192224 -29.238896 5.509897 2.898166 32.548454 9.351382 -1.173398 -12.565734 0.744599 -0.385174 0.000000 0.000000 0.000000 -29.532075 -4.139922 -13.482786 27.332829 -4.945759 -2.324408 -1.837309 -1.958244 14.091023 0.000000 0.000000 0.000000 14.605856 1.162428 -1.320967 2.578526 0.358305 0.290875 2.580300 0.331391 0.289112 3.872225 -1.299881 0.957716 0.000000 0.000000 0.000000 0.603681 -3.370427 -11.885199 -1.431601 -2.464829 -33.743416 -0.000007 -76.442917 -0.000027 0.000000 0.000000 0.000000 1.540223 12.204773 8.172472 1.261107 4.246391 62.779452 0.000022 24.133073 -0.000012 0.000000 0.000000 0.000000 
5.393246 89.975075 -6.262514 12.533967 -1.791123 -0.197274 -34.699485 5.410563 3.446557 35.474537 9.533882 -1.358486 -13.126443 2.185686 0.157762 0.000000 0.000000 0.000000 -35.983892 -2.313538 -12.857649 29.810808 -4.488233 -2.049819 0.945872 -1.700609 14.488289 0.000000 0.000000 0.000000 15.267081 2.022393 -1.868285 2.778648 0.621435 0.277879 2.782248 0.587591 0.270230 3.818684 -1.259274 0.862481 0.000000 0.000000 0.000000 0.609012 -3.125388 -11.648345 -2.312886 -2.376324 -33.194535 0.000000 -77.614151 0.000012 0.000000 0.000000 0.000000 1.498199 13.163120 7.801259 0.308790 5.014342 61.940076 0.000028 24.929248 -0.000012 0.000000 0.000000 0.000000 
5.804713 89.255325 -7.513926 14.872387 -2.567335 -0.820258 -39.809689 5.117318 4.076671 38.368898 9.522247 -1.344779 -13.421717 2.724346 0.588921 0.000000 0.000000 0.000000 -40.646678 -0.957467 -11.606021 35.438228 -4.769075 -1.760707 -0.987801 -1.883633 13.954783 0.000000 0.000000 0.000000 16.049213 2.581136 -2.178016 3.035854 0.801606 0.288976 3.041049 0.761391 0.276381 3.819659 -1.252208 0.779361 0.000000 0.000000 0.000000 0.615154 -2.759197 -11.230629 -2.886990 -3.400186 -33.088653 0.000033 -78.085646 0.000036 0.000000 0.000000 0.000000 1.421352 14.134989 7.774629 -0.528585 5.328536 60.872347 0.000003 25.655869 -0.000007 0.000000 0.000000 0.000000 
6.184199 88.552170 -8.739668 16.484819 -1.644184 -1.369369 -44.176540 5.033688 4.213087 40.385686 9.504332 -1.350504 -12.869284 1.589637 1.178726 0.000000 0.000000 0.000000 -43.973195 0.172882 -10.784286 43.595687 -5.846156 -1.595810 -2.656895 -2.012074 13.193864 0.000000 0.000000 0.000000 17.274074 2.638469 -2.405021 3.314548 0.840916 0.299274 3.320320 0.794924 0.282500 3.835682 -1.298543 0.772444 0.000000 0.000000 0.000000 0.615710 -2.517240 -10.665079 -3.199947 -5.183342 -33.341387 0.000000 -77.968372 0.000022 0.000000 0.000000 0.000000 1.330672 15.007549 7.915626 -1.346749 5.246737 59.763486 0.000010 26.271658 -0.000012 0.000000 0.000000 0.000000 
6.506081 87.688271 -9.961456 17.808376 0.268888 -1.594177 -48.182238 5.361555 3.621573 41.885572 8.746089 -1.330669 -11.842245 0.340419 2.127981 0.000000 0.000000 0.000000 -46.344152 0.822274 -11.024883 52.552968 -6.514707 -1.192583 -3.008169 -2.000323 12.894938 0.000000 0.000000 0.000000 18.651508 2.525552 -2.755834 3.512140 0.837055 0.273595 3.517764 0.786545 0.256609 3.856878 -1.403369 0.861566 0.000000 0.000000 0.000000 0.612407 -2.653793 -10.195671 -3.334290 -6.859244 -33.691786 -0.000019 -77.570704 -0.000056 0.000000 0.000000 0.000000 1.255767 15.685557 8.044916 -2.023323 4.940554 58.760951 0.000001 26.834352 -0.000009 0.000000 0.000000 0.000000 
6.777129 86.593765 -11.137306 19.221126 2.282585 -1.762881 -52.393927 5.930556 2.758078 43.672708 6.983787 -1.272906 -10.932349 0.058040 3.393877 0.000000 0.000000 0.000000 -47.734198 1.019605 -11.518256 60.300769 -6.415459 -0.663793 -2.012452 -1.809436 12.096172 0.000000 0.000000 0.000000 19.755096 2.722359 -3.159170 3.638289 0.924312 0.208615 3.644053 0.871587 0.187416 3.819881 -1.572475 1.045599 0.000000 0.000000 0.000000 0.610174 -3.061268 -9.925802 -3.322317 -7.886078 -34.101601 0.000008 -77.130485 0.000025 0.000000 0.000000 0.000000 1.202897 16.252546 8.043448 -2.484583 4.538701 57.821376 -0.000009 27.435521 0.000000 0.000000 0.000000 0.000000 
6.885157 85.082352 -12.231838 20.673285 3.790532 -1.771277 -57.092175 6.574254 2.083056 46.694042 5.498181 -1.224498 -10.712383 0.029972 4.347208 0.000000 0.000000 0.000000 -48.232108 1.217303 -12.108056 65.654654 -6.093468 -0.303134 1.897363 -1.355060 11.559081 0.000000 0.000000 0.000000 20.571401 3.342399 -3.829692 3.785610 1.148065 0.098542 3.792148 1.092177 0.066427 3.690780 -1.818576 1.318693 0.000000 0.000000 0.000000 0.608873 -3.549092 -9.730953 -3.464671 -8.176460 -34.681180 -0.000032 -76.686857 -0.000029 0.000000 0.000000 0.000000 1.164297 16.906571 7.796243 -2.912498 4.029381 57.021459 -0.000002 28.098760 -0.000021 0.000000 0.000000 0.000000 
6.782983 83.302238 -13.329342 21.967495 4.980232 -1.342185 -61.735102 7.436555 1.443269 50.092303 4.525422 -1.191876 -10.682345 -0.072644 4.983705 0.000000 0.000000 0.000000 -47.398586 1.648835 -13.273314 68.880860 -4.303808 -0.269130 6.510545 -0.898602 12.956510 0.000000 0.000000 0.000000 21.381316 4.190381 -5.006246 3.993004 1.453651 -0.055601 4.000307 1.389120 -0.103054 3.528154 -2.113309 1.643589 0.000000 0.000000 0.000000 0.609405 -3.936664 -9.556199 -3.871435 -8.124542 -35.309906 -0.000121 -76.244124 -0.000088 0.000000 0.000000 0.000000 1.125298 17.711102 7.391974 -3.607634 3.510620 56.259227 0.000006 28.785976 -0.000008 0.000000 0.000000 0.000000 
6.648297 81.596672 -14.405128 23.122690 5.950182 -0.728119 -65.880255 8.509289 0.839692 52.969657 3.781384 -1.155048 -10.470463 -0.150117 5.582920 0.000000 0.000000 0.000000 -45.562621 1.838781 -14.542209 70.922362 -1.156460 -0.280002 8.341208 -0.729932 14.652981 0.000000 0.000000 0.000000 22.259090 5.073607 -6.284989 4.213434 1.752635 -0.197964 4.221559 1.675151 -0.260772 3.400527 -2.398782 1.964004 0.000000 0.000000 0.000000 0.610385 -4.006251 -9.480620 -4.158617 -8.353193 -35.709151 -0.000051 -75.824758 -0.000057 0.000000 0.000000 0.000000 1.074756 18.486206 7.101288 -4.706143 3.228339 55.062352 -0.000004 29.446438 0.000012 0.000000 0.000000 0.000000 
6.568318 79.830475 -15.488174 24.280549 7.031175 -0.304420 -70.120593 9.726122 0.355480 55.823020 2.855979 -1.116007 -10.127247 -0.217038 6.363928 0.000000 0.000000 0.000000 -43.297949 1.598181 -15.974312 72.163455 1.653050 -0.171903 8.727853 -0.693669 15.915049 0.000000 0.000000 0.000000 23.074097 5.938088 -7.124808 4.403942 2.012644 -0.264368 4.413868 1.922384 -0.340843 3.308775 -2.651372 2.260606 0.000000 0.000000 0.000000 0.610553 -3.863057 -9.520853 -4.136503 -9.017756 -35.763174 -0.000028 -75.342137 0.000023 0.000000 0.000000 0.000000 1.020581 19.096516 6.965307 -6.144993 3.262747 53.176984 0.000010 30.072865 -0.000017 0.000000 0.000000 0.000000 
6.569299 77.961937 -16.565987 25.357557 7.860561 -0.032403 -74.495979 10.962756 0.159250 58.996667 2.095932 -1.084023 -9.919767 -0.303726 7.203724 0.000000 0.000000 0.000000 -41.153737 1.229368 -17.156443 72.845443 2.466161 -0.241656 8.448167 -0.740742 16.014087 0.000000 0.000000 0.000000 23.812415 6.821105 -7.488830 4.575112 2.247240 -0.267111 4.588036 2.145998 -0.356524 3.216483 -2.862377 2.543473 0.000000 0.000000 0.000000 0.611135 -3.784376 -9.507534 -3.902163 -9.634797 -35.710046 0.000036 -74.809580 0.000063 0.000000 0.000000 0.000000 0.953147 19.833068 6.783501 -7.920006 3.374291 50.738364 0.000004 30.699494 -0.000002 0.000000 0.000000 0.000000 
6.564509 75.968025 -17.606850 26.315392 8.465630 0.300015 -78.911798 12.259067 0.189293 62.417841 1.548538 -1.061538 -9.831142 -0.401205 8.053898 0.000000 0.000000 0.000000 -39.445073 1.078606 -18.262770 72.932022 2.016042 -0.470756 8.291739 -0.753856 15.998533 0.000000 0.000000 0.000000 24.573042 7.537917 -7.748146 4.753830 2.428560 -0.245858 4.770196 2.315603 -0.345870 3.116489 -3.018949 2.827551 0.000000 0.000000 0.000000 0.612887 -3.710467 -9.320801 -3.828746 -9.771297 -35.909440 -0.000028 -74.376252 -0.000021 0.000000 0.000000 0.000000 0.838704 20.966705 6.561011 -10.075246 3.557628 47.854583 -0.000009 31.298686 -0.000018 0.000000 0.000000 0.000000 
6.409071 73.648636 -18.609039 26.876883 8.888187 0.751324 -83.543350 13.421130 0.617357 66.633837 1.184140 -1.055173 -9.981931 -0.474958 8.674498 0.000000 0.000000 0.000000 -38.170557 0.983936 -19.200089 72.137200 2.996524 -0.756115 8.696229 -0.691048 16.590898 0.000000 0.000000 0.000000 25.538584 8.095972 -8.112077 4.959597 2.574904 -0.215786 4.979769 2.447338 -0.324842 3.010088 -3.156846 3.171841 0.000000 0.000000 0.000000 0.614837 -3.636418 -8.958018 -4.214292 -9.502002 -36.323571 0.000011 -74.180629 0.000016 0.000000 0.000000 0.000000 0.688198 22.188346 6.475366 -12.513213 4.149584 44.600141 -0.000002 31.836509 -0.000009 0.000000 0.000000 0.000000 
6.202699 71.215996 -19.615421 27.028537 9.175963 1.144399 -88.136153 14.406411 1.359930 71.065803 0.914996 -1.051891 -10.046657 -0.546598 9.275945 0.000000 0.000000 0.000000 -36.981752 0.818951 -19.966822 71.561408 4.431514 -0.764423 8.029158 -0.808514 17.138080 0.000000 0.000000 0.000000 26.832367 8.639537 -8.397544 5.189785 2.714792 -0.171611 5.214083 2.572325 -0.290077 2.903331 -3.302682 3.565465 0.000000 0.000000 0.000000 0.617460 -3.660465 -8.506252 -4.816050 -9.345213 -36.664244 0.000018 -73.973462 0.000043 0.000000 0.000000 0.000000 0.545549 23.265871 6.433998 -15.138457 5.064942 41.232930 -0.000002 32.277046 -0.000005 0.000000 0.000000 0.000000 
6.138201 69.064728 -20.483723 26.732877 9.733066 1.587570 -91.689443 15.708549 1.898999 74.623280 0.462847 -1.043484 -9.786433 -0.645870 10.222616 0.000000 0.000000 0.000000 -35.484834 0.543743 -21.127764 74.718875 5.097239 -0.761669 1.294747 -1.823258 17.337418 0.000000 0.000000 0.000000 28.208794 9.031735 -8.317448 5.403465 2.775624 -0.117259 5.430508 2.623604 -0.241693 2.833816 -3.428327 3.928608 0.000000 0.000000 0.000000 0.620058 -3.571498 -8.027191 -5.134733 -9.795296 -36.899595 0.000033 -73.512479 0.000052 0.000000 0.000000 0.000000 0.394272 24.431856 6.336447 -17.844745 5.905922 37.998904 0.000002 32.490206 -0.000006 0.000000 0.000000 0.000000 
6.113272 66.615997 -21.237812 26.332947 10.776191 2.137247 -95.424703 17.571082 2.449005 78.364550 -0.350490 -1.028267 -9.349925 -0.751132 11.558571 0.000000 0.000000 0.000000 -34.823299 0.029418 -22.874498 79.067062 6.106961 -0.416895 -4.796996 -2.683865 16.525822 0.000000 0.000000 0.000000 29.302352 9.165806 -7.931016 5.569349 2.740187 -0.042747 5.597745 2.584054 -0.167544 2.806773 -3.528869 4.239326 0.000000 0.000000 0.000000 0.620314 -3.424267 -7.503835 -5.172615 -10.584655 -37.213702 0.000058 -73.027406 0.000053 0.000000 0.000000 0.000000 0.254905 25.614323 6.150318 -20.318940 6.610664 35.042709 0.000003 32.487119 -0.000025 0.000000 0.000000 0.000000 
5.976864 63.811699 -21.963238 25.555872 11.962118 2.677934 -99.567288 19.449882 3.390029 82.607976 -1.280173 -1.010634 -8.657991 -0.801161 12.975906 0.000000 0.000000 0.000000 -34.547790 -0.560181 -24.861788 83.613789 6.895893 0.176603 -8.700690 -3.089273 15.283815 0.000000 0.000000 0.000000 30.319357 9.317023 -7.377489 5.726725 2.700856 0.068190 5.757320 2.541348 -0.056222 2.770633 -3.613533 4.499927 0.000000 0.000000 0.000000 0.623873 -3.507578 -7.011722 -5.357556 -11.033039 -37.690664 -0.000003 -72.687392 0.000004 0.000000 0.000000 0.000000 0.321767 26.419284 5.522038 -22.446437 7.527575 32.642348 0.000000 32.366887 -0.000018 0.000000 0.000000 0.000000 
5.743917 61.049438 -22.646446 24.376196 12.702805 3.325977 -103.560066 20.861187 4.700264 86.799683 -1.771221 -1.002016 -7.840674 -0.799179 14.148228 0.000000 0.000000 0.000000 -34.160061 -0.391495 -27.099599 89.418535 8.533963 0.402961 -13.310150 -3.697178 15.018695 0.000000 0.000000 0.000000 31.395559 9.601316 -6.860501 5.878376 2.708998 0.166400 5.911386 2.546890 0.039258 2.712361 -3.700035 4.754796 0.000000 0.000000 0.000000 0.628610 -3.590550 -6.621280 -5.666199 -11.090020 -38.232722 0.000014 -72.354079 0.000009 0.000000 0.000000 0.000000 0.618311 26.890603 4.481706 -24.472091 8.748640 30.939886 -0.000006 32.093556 -0.000003 0.000000 0.000000 0.000000 
5.395041 58.221397 -23.274815 23.406437 13.179406 3.985491 -108.063824 21.875559 6.392713 90.888152 -2.070646 -1.007897 -6.765696 -0.715224 15.060374 0.000000 0.000000 0.000000 -34.138201 0.584536 -29.152972 94.954642 10.775335 0.582099 -16.359001 -4.256672 14.969572 0.000000 0.000000 0.000000 32.218194 9.906159 -6.547956 5.969058 2.739695 0.242436 6.004310 2.576713 0.112426 2.674487 -3.792366 5.006007 0.000000 0.000000 0.000000 0.629184 -3.544412 -6.374810 -5.783433 -10.935662 -38.650292 -0.000012 -72.028334 -0.000010 0.000000 0.000000 0.000000 0.907805 27.250529 3.612720 -26.339588 9.952979 29.573835 -0.000015 31.687785 -0.000011 0.000000 0.000000 0.000000 
4.968654 55.484200 -23.767586 22.306855 13.757500 4.682888 -112.397436 22.727569 8.196207 94.586502 -2.473444 -1.022035 -5.359600 -0.546244 15.883159 0.000000 0.000000 0.000000 -34.002963 1.499313 -31.037281 99.880868 12.946924 0.717075 -17.931996 -4.389039 14.709130 0.000000 0.000000 0.000000 32.871535 10.188118 -6.300374 6.027980 2.754198 0.347439 6.066260 2.587976 0.217724 2.629596 -3.871067 5.209465 0.000000 0.000000 0.000000 0.630603 -3.566648 -6.323858 -5.744679 -10.656628 -38.772416 -0.000033 -71.748555 -0.000030 0.000000 0.000000 0.000000 1.142893 27.427350 2.940859 -27.630420 11.113227 28.178603 0.000009 31.211028 -0.000007 0.000000 0.000000 0.000000 
4.506503 52.933159 -24.093166 21.209100 14.598785 5.432858 -116.406723 23.650995 9.980249 97.698398 -3.086881 -1.036033 -3.654699 -0.299971 16.735258 0.000000 0.000000 0.000000 -33.715788 2.257101 -33.076257 104.110470 14.125700 1.015472 -18.331635 -3.400832 14.434237 0.000000 0.000000 0.000000 33.566094 10.472833 -6.064356 6.112566 2.757884 0.487116 6.154836 2.581968 0.360361 2.524516 -3.950236 5.363870 0.000000 0.000000 0.000000 0.634063 -3.695858 -6.455576 -5.750849 -10.430086 -38.577639 -0.000008 -71.509349 0.000006 0.000000 0.000000 0.000000 1.417567 27.340441 2.136560 -28.251257 12.309748 26.781964 0.000004 30.565349 -0.000015 0.000000 0.000000 0.000000 
4.044528 50.632637 -24.288471 20.045567 15.293652 6.311865 -119.938395 24.288592 11.716635 100.396534 -3.557094 -1.056702 -1.989372 -0.021407 17.268991 0.000000 0.000000 0.000000 -33.400492 2.962232 -34.766189 107.900603 14.998161 1.050846 -18.300648 -2.421819 13.969638 0.000000 0.000000 0.000000 34.264013 10.855904 -5.885134 6.208294 2.790883 0.620497 6.255170 2.601379 0.495010 2.413168 -4.043807 5.500741 0.000000 0.000000 0.000000 0.638735 -3.873186 -6.496710 -5.774961 -10.267532 -38.473520 0.000042 -71.334803 0.000057 0.000000 0.000000 0.000000 1.680245 27.215012 1.383632 -28.482941 13.367870 25.377745 -0.000007 29.679197 -0.000002 0.000000 0.000000 0.000000 
3.553169 48.586456 -24.431244 19.020434 15.709549 6.982710 -123.315719 24.303669 13.378631 102.767088 -3.897586 -1.083501 -0.284382 0.285778 17.479257 0.000000 0.000000 0.000000 -33.362947 3.655467 -35.844252 111.290727 15.405099 0.884344 -17.803189 -1.465145 13.650488 0.000000 0.000000 0.000000 34.883156 11.332512 -5.573900 6.281078 2.848466 0.752635 6.332742 2.651813 0.625431 2.337477 -4.116108 5.630320 0.000000 0.000000 0.000000 0.642598 -4.021324 -6.325559 -5.777140 -9.971189 -38.834048 -0.000011 -71.215090 -0.000007 0.000000 0.000000 0.000000 1.871529 27.229078 0.914871 -28.525030 14.354536 23.864625 -0.000014 28.627778 0.000016 0.000000 0.000000 0.000000 
3.083919 46.797462 -24.560730 18.245729 16.115357 7.403917 -126.515826 24.059053 14.816338 104.636791 -4.270714 -1.108310 1.579253 0.628971 17.589308 0.000000 0.000000 0.000000 -33.297422 4.401260 -36.695591 114.375807 15.793448 0.810267 -17.307623 -0.863419 13.635254 0.000000 0.000000 0.000000 35.468312 11.689764 -4.989217 6.342875 2.865314 0.887448 6.397880 2.668648 0.759350 2.268060 -4.150180 5.731362 0.000000 0.000000 0.000000 0.643207 -4.009116 -6.226832 -5.786738 -9.456341 -39.342310 0.000016 -71.135676 0.000027 0.000000 0.000000 0.000000 1.998594 27.360580 0.733341 -28.526606 15.648021 22.267977 0.000009 27.540311 -0.000013 0.000000 0.000000 0.000000 
2.561484 45.322685 -24.657261 17.691921 16.495423 7.978273 -129.119931 23.687521 15.979023 105.925333 -4.636866 -1.142767 3.285940 0.949511 17.306362 0.000000 0.000000 0.000000 -33.570820 5.291395 -37.420646 117.110096 16.138827 0.731013 -16.395189 -0.548433 13.616884 0.000000 0.000000 0.000000 36.080112 11.829071 -4.402781 6.414592 2.833297 0.992817 6.470745 2.638639 0.865885 2.166374 -4.172639 5.826686 0.000000 0.000000 0.000000 0.643292 -3.916933 -6.329948 -5.877684 -8.839633 -39.640225 -0.000059 -71.112282 -0.000020 0.000000 0.000000 0.000000 2.101429 27.483776 0.690019 -28.734196 17.222535 20.847003 -0.000005 26.387282 0.000000 0.000000 0.000000 0.000000 
1.989400 44.079170 -24.703430 17.487011 16.917962 8.646299 -131.364181 23.233459 16.951123 106.780889 -5.081681 -1.184650 4.802950 1.234152 16.667084 0.000000 0.000000 0.000000 -34.117382 6.354256 -38.074705 119.509814 16.501744 0.804954 -15.276179 -0.454816 13.603304 0.000000 0.000000 0.000000 36.651581 11.959368 -4.069048 6.475985 2.821124 1.062325 6.533003 2.627287 0.935571 2.033585 -4.212643 5.939408 0.000000 0.000000 0.000000 0.645148 -3.991684 -6.414371 -5.994079 -8.468705 -39.734779 -0.000010 -71.080351 -0.000006 0.000000 0.000000 0.000000 2.225650 27.355435 0.634218 -29.362768 18.759449 19.962807 -0.000004 24.955891 -0.000005 0.000000 0.000000 0.000000 
1.361116 42.962906 -24.676556 17.372158 17.465164 9.516483 -133.207677 22.798480 17.780808 107.373968 -5.621701 -1.230542 6.153764 1.478581 15.722711 0.000000 0.000000 0.000000 -34.904049 7.608244 -38.806895 121.469723 16.630669 1.077434 -13.090803 -0.233302 13.523996 0.000000 0.000000 0.000000 37.118424 12.044779 -3.817014 6.511537 2.815710 1.093760 6.568499 2.625883 0.965698 1.898069 -4.257122 5.999285 0.000000 0.000000 0.000000 0.646872 -3.998505 -6.328108 -5.864007 -8.799132 -39.592862 -0.000031 -70.940646 -0.000003 0.000000 0.000000 0.000000 2.314315 27.119790 0.787785 -30.109185 20.295847 19.311262 0.000005 23.275570 -0.000005 0.000000 0.000000 0.000000 
0.724474 41.939667 -24.608578 17.339117 18.209607 10.417104 -134.811665 22.495776 18.519491 107.721352 -6.324885 -1.274005 7.473063 1.710055 14.688744 0.000000 0.000000 0.000000 -35.532297 8.862299 -39.655016 123.020272 16.806334 1.615347 -10.581471 0.021675 13.407004 0.000000 0.000000 0.000000 37.227529 11.920011 -3.314430 6.517253 2.750308 1.114716 6.572155 2.571587 0.987619 1.785124 -4.277942 5.959637 0.000000 0.000000 0.000000 0.643461 -3.777840 -6.137218 -5.507873 -9.456176 -39.478954 0.000008 -70.826002 0.000031 0.000000 0.000000 0.000000 2.308579 27.187326 1.291069 -30.348726 21.881834 18.295478 0.000005 21.752860 -0.000011 0.000000 0.000000 0.000000 
0.180513 41.169182 -24.510670 17.747268 19.079590 10.884706 -136.307517 22.243655 18.957363 107.768808 -7.075562 -1.297062 8.628433 1.900693 13.756819 0.000000 0.000000 0.000000 -35.705306 9.788847 -40.313498 124.087066 17.566458 2.488655 -9.414530 -0.169131 13.384582 0.000000 0.000000 0.000000 36.731733 11.783989 -2.612888 6.475487 2.656376 1.196547 6.529353 2.485575 1.075238 1.755212 -4.265463 5.855705 0.000000 0.000000 0.000000 0.639804 -3.610814 -6.073443 -5.274803 -9.685973 -39.772352 -0.000004 -70.749763 0.000003 0.000000 0.000000 0.000000 2.292183 26.987262 1.965672 -30.839404 24.085298 17.809411 0.000005 19.364626 0.000004 0.000000 0.000000 0.000000 
-0.344057 40.783272 -24.355862 18.210712 19.399727 10.954146 -137.166045 21.194535 18.880630 107.901976 -7.478225 -1.309116 9.146098 1.943420 12.497364 0.000000 0.000000 0.000000 -36.245522 10.041303 -39.904810 125.026217 17.995769 2.764407 -9.339703 -0.881872 13.510717 0.000000 0.000000 0.000000 35.949242 11.808677 -2.135935 6.378625 2.604380 1.337421 6.434532 2.429131 1.225422 1.892007 -4.207378 5.712548 0.000000 0.000000 0.000000 0.639714 -3.670496 -6.502566 -5.153812 -9.344847 -39.885812 -0.000046 -70.613870 -0.000039 0.000000 0.000000 0.000000 2.323119 25.117701 3.119094 -34.592630 27.667312 20.311120 0.000006 15.203402 -0.000011 0.000000 0.000000 0.000000 
-0.838730 40.662849 -24.169559 18.481735 19.271068 10.991591 -137.295381 19.616023 18.424826 108.134093 -7.556243 -1.328859 9.087552 1.868861 10.887412 0.000000 0.000000 0.000000 -37.049197 9.927660 -38.969846 125.732226 17.769253 2.561644 -9.380469 -1.512508 13.662560 0.000000 0.000000 0.000000 35.224522 11.668239 -1.916324 6.241269 2.532365 1.449434 6.297801 2.350541 1.349654 2.178841 -4.084623 5.499297 0.000000 0.000000 0.000000 0.638174 -3.861380 -7.323442 -4.782264 -8.356579 -39.356107 -0.000006 -70.578380 0.000006 0.000000 0.000000 0.000000 2.205723 21.206180 5.968860 -41.753004 29.871464 26.405942 -0.000002 16.269055 -0.000019 0.000000 0.000000 0.000000 
-1.204655 40.847618 -23.961491 18.627845 18.989360 10.912649 -136.776232 18.142483 17.670393 108.283299 -7.402760 -1.320686 8.573037 1.728383 9.472493 0.000000 0.000000 0.000000 -37.729852 9.443665 -37.888190 125.629309 16.669468 2.352347 -9.156612 -1.474884 13.692485 0.000000 0.000000 0.000000 34.557581 11.038626 -1.652254 6.123639 2.358537 1.476620 6.175544 2.180428 1.390794 2.470890 -3.901380 5.210506 0.000000 0.000000 0.000000 0.634296 -3.983807 -7.985528 -4.127196 -6.646913 -38.790690 -0.000033 -70.767016 -0.000033 0.000000 0.000000 0.000000 2.225699 16.071295 10.594894 -47.271780 27.919535 32.940551 0.000007 28.653354 -0.000013 0.000000 0.000000 0.000000 
-1.526501 41.087753 -23.711662 18.641949 18.475383 10.800018 -136.070892 16.415158 16.871996 108.624296 -7.125859 -1.326437 7.812814 1.571420 7.965190 0.000000 0.000000 0.000000 -38.685778 8.584297 -36.480512 125.511597 14.893555 1.705546 -8.786703 -1.297210 13.687788 0.000000 0.000000 0.000000 33.949759 9.995664 -1.430435 6.063937 2.096498 1.443568 6.107805 1.926911 1.373841 2.718038 -3.644990 4.882696 0.000000 0.000000 0.000000 0.630687 -3.973558 -8.436869 -3.437030 -4.501422 -38.439642 0.000052 -71.145764 0.000062 0.000000 0.000000 0.000000 2.986435 11.074371 14.556969 -49.414725 25.006132 38.676055 0.000013 42.311263 -0.000012 0.000000 0.000000 0.000000 
-1.821234 41.310135 -23.504742 18.451836 17.804490 10.804184 -135.218525 14.609165 16.060338 109.027967 -6.690468 -1.354521 7.014518 1.417832 6.410410 0.000000 0.000000 0.000000 -39.619267 7.761558 -35.128841 125.511747 13.133299 0.840102 -8.358943 -1.144089 13.690610 0.000000 0.000000 0.000000 33.417442 8.871888 -1.334022 6.030361 1.814513 1.413010 6.066311 1.650102 1.361893 2.957121 -3.326380 4.522060 0.000000 0.000000 0.000000 0.626417 -3.860020 -8.903918 -2.774856 -2.701961 -38.017793 -0.000036 -71.522831 -0.000042 0.000000 0.000000 0.000000 4.112231 7.296121 16.690745 -49.116771 24.043304 43.248136 0.000018 49.881370 -0.000022 0.000000 0.000000 0.000000 
-2.014852 41.432640 -23.395580 18.347985 17.383672 10.855246 -134.655718 13.354815 15.414033 109.246424 -6.326362 -1.389020 6.520060 1.319843 5.224512 0.000000 0.000000 0.000000 -40.206072 7.304182 -34.333851 125.555146 12.175990 0.324665 -8.121868 -1.166864 13.654977 0.000000 0.000000 0.000000 32.938697 8.006938 -1.257518 5.995436 1.590619 1.404950 6.025686 1.429113 1.366914 3.112603 -3.045555 4.162842 0.000000 0.000000 0.000000 0.626093 -3.769187 -9.190849 -2.158536 -1.901185 -37.646804 -0.000049 -71.763343 -0.000023 0.000000 0.000000 0.000000 5.039424 4.419254 17.854864 -46.750428 24.596401 46.107298 -0.000002 55.959149 -0.000009 0.000000 0.000000 0.000000 
-2.199665 41.540634 -23.295998 18.260338 17.004412 10.911610 -134.177427 12.339156 15.004042 109.434363 -6.105011 -1.412993 6.087598 1.252515 4.292566 0.000000 0.000000 0.000000 -40.751214 6.851560 -33.595324 125.602835 11.477502 -0.142638 -7.923408 -1.397905 13.573662 0.000000 0.000000 0.000000 32.401615 7.346415 -1.164287 5.930296 1.422364 1.398928 5.956436 1.264662 1.369512 3.170490 -2.845733 3.869206 0.000000 0.000000 0.000000 0.625496 -3.821169 -9.211960 -1.658726 -1.778835 -37.437285 0.000003 -71.942027 0.000028 0.000000 0.000000 0.000000 5.507792 1.981730 18.093929 -43.242413 25.803235 48.551782 0.000035 63.717756 -0.000047 0.000000 0.000000 0.000000 
-2.373871 41.654747 -23.210186 18.187882 16.666187 10.973513 -133.714941 11.483256 14.688926 109.568945 -5.940490 -1.431262 5.687355 1.199812 3.506553 0.000000 0.000000 0.000000 -41.255039 6.453230 -32.931460 125.627943 10.888081 -0.545333 -7.711862 -1.653098 13.488907 0.000000 0.000000 0.000000 31.773449 6.638012 -0.982984 5.815520 1.242094 1.381012 5.837154 1.092064 1.364646 3.244927 -2.674069 3.669308 0.000000 0.000000 0.000000 0.623494 -3.845894 -9.208820 -1.222516 -1.742806 -37.238004 -0.000007 -72.080455 0.000004 0.000000 0.000000 0.000000 5.429313 0.531530 17.469445 -39.200556 28.354736 50.986747 -0.000016 72.224620 -0.000010 0.000000 0.000000 0.000000 
-2.537395 41.737633 -23.134029 18.130449 16.363914 11.040757 -133.318708 10.664098 14.382058 109.696137 -5.782222 -1.453382 5.340921 1.156713 2.725659 0.000000 0.000000 0.000000 -41.673119 6.122240 -32.355262 125.672025 10.337522 -0.889445 -7.565241 -1.836883 13.422923 0.000000 0.000000 0.000000 31.263401 5.887677 -0.727931 5.695154 1.048004 1.352979 5.712013 0.908121 1.347155 3.336078 -2.516271 3.580990 0.000000 0.000000 0.000000 0.625431 -3.849950 -9.275105 -0.835033 -1.522879 -37.001057 -0.000059 -72.275791 -0.000026 0.000000 0.000000 0.000000 4.979684 0.408549 16.639712 -34.677379 33.440709 52.363393 0.000046 80.108898 -0.000069 0.000000 0.000000 0.000000 
-2.690572 41.816177 -23.069626 18.087680 16.097945 11.112950 -132.942829 9.918817 14.082842 109.787566 -5.626555 -1.475525 5.026435 1.119826 1.990770 0.000000 0.000000 0.000000 -42.054690 5.837628 -31.850613 125.712582 9.823275 -1.190796 -7.430347 -1.979386 13.366813 0.000000 0.000000 0.000000 30.957365 5.234747 -0.577437 5.607209 0.883687 1.313278 5.620253 0.752179 1.315455 3.390678 -2.394965 3.599221 0.000000 0.000000 0.000000 0.625480 -4.056233 -9.284146 -0.511465 -1.167043 -36.782686 0.000008 -72.617028 0.000002 0.000000 0.000000 0.000000 4.305983 1.299943 15.759036 -29.834410 41.137280 52.115235 0.000008 86.770231 -0.000102 0.000000 0.000000 0.000000 
-2.834220 41.887390 -23.016968 18.057666 15.866478 11.190333 -132.600200 9.273548 13.838271 109.846189 -5.504294 -1.495795 4.751719 1.091463 1.339868 0.000000 0.000000 0.000000 -42.397706 5.611185 -31.419280 125.750039 9.316340 -1.448874 -7.304682 -2.044111 13.330277 0.000000 0.000000 0.000000 30.716484 4.676885 -0.510725 5.535292 0.749137 1.264138 5.545419 0.624842 1.272519 3.455976 -2.315493 3.688327 0.000000 0.000000 0.000000 0.628303 -4.433828 -9.071216 -0.053343 -1.026386 -36.599951 -0.000057 -72.922747 -0.000038 0.000000 0.000000 0.000000 3.488053 2.850636 14.790520 -25.255488 50.727279 50.229863 179.999984 88.320877 -179.999821 0.000000 0.000000 0.000000 
-2.968086 41.947105 -22.974354 18.038454 15.667182 11.273097 -132.296830 8.714269 13.635225 109.880429 -5.404873 -1.514650 4.518079 1.069371 0.760287 0.000000 0.000000 0.000000 -42.710436 5.425042 -31.054572 125.792591 8.816565 -1.676865 -7.193157 -2.045516 13.307801 0.000000 0.000000 0.000000 30.444728 4.176555 -0.352687 5.457758 0.623408 1.229332 5.465365 0.506680 1.243258 3.555503 -2.271173 3.824188 0.000000 0.000000 0.000000 0.636144 -4.889528 -8.691750 0.638779 -1.170373 -36.388471 -0.000031 -73.050485 -0.000001 0.000000 0.000000 0.000000 2.607050 4.962872 13.848645 -20.851883 61.316131 46.332923 179.999706 85.769344 -179.999673 0.000000 0.000000 0.000000 
-3.092248 41.998047 -22.941582 18.032188 15.498169 11.359960 -132.022161 8.211577 13.443357 109.892689 -5.312810 -1.534205 4.314619 1.051353 0.214873 0.000000 0.000000 0.000000 -43.008779 5.258347 -30.744621 125.843326 8.351607 -1.888206 -7.097583 -2.033443 13.288792 0.000000 0.000000 0.000000 30.170260 3.783481 -0.091729 5.377801 0.520151 1.206581 5.383383 0.411583 1.224393 3.658009 -2.265982 4.005308 0.000000 0.000000 0.000000 0.650065 -5.366060 -8.149926 1.386366 -1.533619 -36.245096 -0.000008 -73.018916 -0.000002 0.000000 0.000000 0.000000 1.716921 7.798621 12.989382 -14.353216 72.060934 38.533834 179.999801 85.970008 -179.999736 0.000000 0.000000 0.000000 
-3.206803 42.043320 -22.917675 18.036878 15.357909 11.450820 -131.772490 7.774390 13.266656 109.880696 -5.227413 -1.553401 4.140333 1.036165 -0.282985 0.000000 0.000000 0.000000 -43.292246 5.117400 -30.484623 125.900085 7.931976 -2.076690 -7.019182 -2.018984 13.270614 0.000000 0.000000 0.000000 29.948450 3.673663 0.086649 5.298982 0.494545 1.189076 5.303960 0.391554 1.206641 3.744048 -2.322651 4.217305 0.000000 0.000000 0.000000 0.671572 -5.988887 -7.573835 1.899966 -2.132902 -36.078405 0.000036 -72.991117 0.000019 0.000000 0.000000 0.000000 0.874750 11.225889 12.072709 0.566483 80.971367 20.898828 179.999773 88.166201 -179.999654 0.000000 0.000000 0.000000 
-3.311990 42.083405 -22.902367 18.051756 15.244607 11.545384 -131.555058 7.435538 13.151974 109.846251 -5.178359 -1.569460 3.996934 1.025555 -0.686575 0.000000 0.000000 0.000000 -43.548337 5.025309 -30.273465 125.961010 7.574387 -2.224070 -6.959047 -2.004551 13.254807 0.000000 0.000000 0.000000 29.759978 3.962372 0.091041 5.215181 0.575305 1.199261 5.221593 0.471485 1.212849 3.789263 -2.444359 4.453199 0.000000 0.000000 0.000000 0.699149 -6.932206 -7.215762 1.962021 -2.951702 -35.685375 0.000017 -73.065354 -0.000004 0.000000 0.000000 0.000000 0.173350 14.852993 10.836534 36.850004 85.649281 -18.565947 0.000134 89.041085 -0.000375 0.000000 0.000000 0.000000 
-3.408211 42.103569 -22.894562 18.076333 15.155399 11.643603 -131.403578 7.208967 13.145818 109.808166 -5.197157 -1.581449 3.897927 1.022325 -0.968441 0.000000 0.000000 0.000000 -43.757832 4.997076 -30.112101 126.040595 7.293358 -2.318808 -6.932918 -1.992308 13.242564 0.000000 0.000000 0.000000 29.548693 4.487831 -0.024832 5.137776 0.726619 1.202108 5.146862 0.620471 1.207623 3.777276 -2.630746 4.786265 0.000000 0.000000 0.000000 0.742912 -8.085299 -6.665928 1.571245 -3.866694 -35.567664 -0.000009 -73.266367 -0.000014 0.000000 0.000000 0.000000 -0.318923 18.434797 9.428349 85.519979 86.212109 -69.525124 0.000268 85.923288 -0.000298 0.000000 0.000000 0.000000 
-3.496251 42.115311 -22.894581 18.109751 15.089249 11.745092 -131.292191 7.085589 13.222687 109.754822 -5.267703 -1.589708 3.831256 1.024000 -1.143721 0.000000 0.000000 0.000000 -43.931268 5.034688 -29.997122 126.126847 7.084795 -2.360613 -6.922800 -1.981023 13.234222 0.000000 0.000000 0.000000 29.334027 5.027136 -0.198476 5.091855 0.888642 1.188532 5.103883 0.780831 1.184405 3.696291 -2.866391 5.218621 0.000000 0.000000 0.000000 0.828332 -9.395430 -5.651099 0.713675 -4.413293 -36.160961 -0.000027 -73.734774 0.000009 0.000000 0.000000 0.000000 -0.618814 21.411951 8.155737 108.795904 84.958039 -94.141952 0.000040 82.777392 -0.000082 0.000000 0.000000 0.000000 
-3.576693 42.128838 -22.902470 18.151149 15.044841 11.849518 -131.186624 7.003353 13.291236 109.676452 -5.331468 -1.598898 3.781349 1.025167 -1.295329 0.000000 0.000000 0.000000 -44.091685 5.113883 -29.921717 126.212306 6.929871 -2.368839 -6.913657 -1.973915 13.228769 0.000000 0.000000 0.000000 29.168927 5.349783 -0.264343 5.077248 0.975775 1.218666 5.091046 0.863884 1.210858 3.600282 -3.056562 5.585604 0.000000 0.000000 0.000000 0.928407 -10.474554 -4.690424 -0.315625 -4.618441 -36.902832 0.000011 -74.441829 0.000006 0.000000 0.000000 0.000000 -0.835421 23.340865 7.310621 114.199547 82.979237 -100.730216 0.000022 80.414898 -0.000059 0.000000 0.000000 0.000000 
-3.649887 42.136696 -22.916920 18.199982 15.019743 11.956540 -131.087340 6.890226 13.276949 109.584525 -5.342113 -1.613360 3.747145 1.022460 -1.511757 0.000000 0.000000 0.000000 -44.250480 5.203310 -29.880046 126.308284 6.805337 -2.371486 -6.915010 -1.970252 13.224257 0.000000 0.000000 0.000000 29.168115 5.273105 -0.104618 5.082698 0.933335 1.281230 5.096075 0.818055 1.280986 3.568059 -3.120129 5.780829 0.000000 0.000000 0.000000 0.982912 -10.836515 -4.128251 -0.956723 -4.776785 -37.124646 -0.000049 -75.329070 -0.000046 0.000000 0.000000 0.000000 -1.063024 24.436118 7.072273 111.727722 81.058069 -99.397277 0.000043 79.565010 -0.000079 0.000000 0.000000 0.000000 
-3.716127 42.138634 -22.937248 18.255588 15.011986 12.065903 -130.995966 6.744804 13.176686 109.481355 -5.294083 -1.631384 3.728473 1.015182 -1.792676 0.000000 0.000000 0.000000 -44.415668 5.287431 -29.867686 126.416584 6.697410 -2.380805 -6.926594 -1.968463 13.219475 0.000000 0.000000 0.000000 29.406973 4.992865 0.115410 5.112268 0.836160 1.326593 5.124031 0.719869 1.327880 3.596809 -3.107966 5.816109 0.000000 0.000000 0.000000 0.997816 -10.786162 -3.879480 -1.179774 -4.682237 -36.781877 0.000000 -76.288726 0.000042 0.000000 0.000000 0.000000 -1.192074 24.859711 7.137643 101.788267 81.324904 -89.889142 0.000021 81.119432 -0.000050 0.000000 0.000000 0.000000 
-3.775797 42.135002 -22.963139 18.317225 15.019822 12.177276 -130.922651 6.617496 13.063763 109.368042 -5.235666 -1.650792 3.728535 1.007191 -2.067739 0.000000 0.000000 0.000000 -44.574689 5.390491 -29.883498 126.533776 6.620639 -2.378132 -6.946630 -1.968627 13.215814 0.000000 0.000000 0.000000 29.784061 4.755377 0.262405 5.166923 0.752483 1.368660 5.177170 0.633659 1.367718 3.607080 -3.099061 5.698833 0.000000 0.000000 0.000000 0.988011 -10.669172 -3.949510 -1.251519 -4.242864 -36.197141 -0.000016 -77.050456 -0.000021 0.000000 0.000000 0.000000 -1.215750 24.505307 7.356473 66.885912 83.706885 -54.156792 0.000014 85.332347 -0.000037 0.000000 0.000000 0.000000 
-3.829390 42.126030 -22.994328 18.384226 15.041449 12.290372 -130.874047 6.544633 12.989706 109.245645 -5.200221 -1.669008 3.748944 1.000852 -2.287169 0.000000 0.000000 0.000000 -44.715124 5.533752 -29.928117 126.656815 6.589844 -2.346252 -6.974392 -1.970883 13.214440 0.000000 0.000000 0.000000 30.255146 4.458958 0.428058 5.266612 0.631941 1.400231 5.274114 0.511133 1.459735 3.478649 -3.085236 5.509768 0.000000 0.000000 0.000000 0.960471 -10.365925 -4.159714 -1.290921 -3.711713 -35.827583 0.000065 -77.523993 0.000061 0.000000 0.000000 0.000000 -1.474365 23.233517 8.194881 1.129943 81.411525 13.605137 179.999658 89.062069 -179.999416 0.000000 0.000000 0.000000 
-3.877766 42.111885 -23.030186 18.455941 15.074890 12.404915 -130.845265 6.502737 12.927101 109.116295 -5.169258 -1.686990 3.786435 0.994529 -2.479613 0.000000 0.000000 0.000000 -44.838672 5.712701 -30.000103 126.786110 6.601729 -2.288342 -7.009406 -1.975072 13.215098 0.000000 0.000000 0.000000 30.785677 4.059747 0.613002 5.395031 0.490308 1.386735 5.399410 0.372639 1.516734 3.288608 -3.043426 5.364520 0.000000 0.000000 0.000000 0.932386 -9.881678 -4.283010 -1.314164 -3.223344 -35.783911 -0.000001 -77.835176 0.000004 0.000000 0.000000 0.000000 -1.759576 21.503464 9.785770 -24.223322 71.857989 41.420262 179.999837 83.515744 -179.999817 0.000000 0.000000 0.000000 
-3.917509 42.090408 -23.072975 18.533672 15.122462 12.520874 -130.837314 6.468827 12.840246 108.979411 -5.118725 -1.707085 3.843923 0.986547 -2.677814 0.000000 0.000000 0.000000 -44.945377 5.932021 -30.107337 126.925296 6.665147 -2.204263 -7.053107 -1.981383 13.218084 0.000000 0.000000 0.000000 31.207261 3.927159 0.785925 5.488783 0.442017 1.390867 5.492191 0.326282 1.519529 3.216209 -3.051864 5.260799 0.000000 0.000000 0.000000 0.907267 -9.360869 -4.355416 -1.330592 -2.852553 -35.966496 0.000034 -77.942328 0.000033 0.000000 0.000000 0.000000 -1.630688 20.369571 11.852036 -27.749962 58.420008 46.861395 179.999936 78.438652 -179.999918 0.000000 0.000000 0.000000 
-3.954075 42.065971 -23.118332 18.614007 15.176305 12.637407 -130.839787 6.445201 12.750916 108.838839 -5.064247 -1.727589 3.910888 0.977911 -2.868571 0.000000 0.000000 0.000000 -45.042864 6.172023 -30.230649 127.068361 6.753658 -2.106807 -7.100752 -1.988809 13.221736 0.000000 0.000000 0.000000 31.568960 3.971093 0.967137 5.565409 0.442054 1.419916 5.568800 0.325823 1.528153 3.198051 -3.093554 5.159573 0.000000 0.000000 0.000000 0.878702 -8.893346 -4.542099 -1.294118 -2.779228 -36.309542 0.000012 -77.665145 -0.000007 0.000000 0.000000 0.000000 -1.406397 19.528448 13.833276 -28.707657 42.971865 48.206519 179.999977 74.947756 -179.999980 0.000000 0.000000 0.000000 
-3.988123 42.039871 -23.165649 18.695800 15.233887 12.754164 -130.853953 6.458536 12.700516 108.696006 -5.034033 -1.746407 3.985140 0.970886 -3.015794 0.000000 0.000000 0.000000 -45.141239 6.414107 -30.362363 127.214158 6.851371 -2.010287 -7.150423 -1.997374 13.225261 0.000000 0.000000 0.000000 31.898281 4.106100 1.156482 5.634046 0.466412 1.461455 5.637927 0.348614 1.540389 3.201854 -3.154261 5.067627 0.000000 0.000000 0.000000 0.845236 -8.558792 -4.946998 -1.064839 -2.946514 -36.531420 0.000048 -77.134535 0.000064 0.000000 0.000000 0.000000 -1.126828 18.192750 15.025202 -31.953305 28.968021 49.348636 179.999924 75.413036 -179.999925 0.000000 0.000000 0.000000 
-4.020058 42.012711 -23.214352 18.778620 15.293989 12.870887 -130.878746 6.509545 12.690205 108.551274 -5.028362 -1.763474 4.065599 0.965545 -3.117475 0.000000 0.000000 0.000000 -45.234424 6.670316 -30.501825 127.360762 6.963337 -1.905675 -7.200899 -2.008372 13.227441 0.000000 0.000000 0.000000 32.211240 4.282481 1.357145 5.700735 0.500544 1.507913 5.705322 0.381090 1.557318 3.204010 -3.227198 4.995740 0.000000 0.000000 0.000000 0.816176 -8.381019 -5.412502 -0.596396 -3.072600 -36.514284 0.000037 -76.586440 0.000041 0.000000 0.000000 0.000000 -0.704117 16.770628 15.436263 -36.680281 19.564580 49.507083 179.999946 81.530262 -179.999947 0.000000 0.000000 0.000000 
-4.050377 41.984818 -23.264046 18.862085 15.355321 12.987434 -130.909810 6.578945 12.698327 108.405641 -5.033181 -1.779816 4.149883 0.960839 -3.196635 0.000000 0.000000 0.000000 -45.315088 6.951320 -30.649999 127.506764 7.099671 -1.782689 -7.252285 -2.020375 13.228978 0.000000 0.000000 0.000000 32.524336 4.450618 1.571987 5.771578 0.529959 1.551742 5.776733 0.409660 1.579583 3.184481 -3.305590 4.954680 0.000000 0.000000 0.000000 0.800981 -8.335108 -5.702266 -0.053552 -3.062087 -36.545340 -0.000034 -76.020320 -0.000003 0.000000 0.000000 0.000000 -0.298543 15.893650 15.345256 -42.711024 14.106629 49.222226 0.000559 87.413902 -0.000671 0.000000 0.000000 0.000000 
-4.075075 41.953850 -23.317337 18.947701 15.419980 13.103545 -130.954753 6.671020 12.721636 108.258451 -5.043937 -1.796115 4.243664 0.954819 -3.250655 0.000000 0.000000 0.000000 -45.389797 7.253241 -30.813302 127.656809 7.259700 -1.651319 -7.306312 -2.031608 13.232043 0.000000 0.000000 0.000000 32.851817 4.631954 1.818171 5.852358 0.556365 1.592355 5.857914 0.436576 1.616177 3.110258 -3.404974 4.999242 0.000000 0.000000 0.000000 0.798660 -8.335282 -5.771464 0.361676 -3.076558 -36.757626 -0.000072 -75.467279 -0.000072 0.000000 0.000000 0.000000 -0.077262 15.925329 15.149705 -49.223022 10.318231 48.275418 0.000031 74.433107 -0.000064 0.000000 0.000000 0.000000 
-4.096769 41.920601 -23.372017 19.033910 15.483993 13.218861 -131.009722 6.777637 12.758548 108.113473 -5.062440 -1.812150 4.342054 0.948941 -3.285349 0.000000 0.000000 0.000000 -45.468689 7.554586 -30.981038 127.810393 7.422198 -1.527416 -7.359873 -2.042336 13.236046 0.000000 0.000000 0.000000 33.266296 4.924907 2.054699 5.938550 0.606746 1.645233 5.945050 0.484899 1.667747 2.989776 -3.526860 5.110020 0.000000 0.000000 0.000000 0.801975 -8.320716 -5.762627 0.571673 -3.403053 -36.982975 0.000010 -74.944237 0.000011 0.000000 0.000000 0.000000 -0.012525 16.850485 14.885665 -54.330613 8.330260 45.588999 0.000036 62.407917 -0.000052 0.000000 0.000000 0.000000 
-4.116856 41.885704 -23.427582 19.119677 15.544797 13.333108 -131.071412 6.891218 12.808649 107.973461 -5.087391 -1.828285 4.441599 0.945661 -3.303921 0.000000 0.000000 0.000000 -45.550620 7.857435 -31.148210 127.966394 7.585049 -1.408374 -7.410668 -2.052891 13.241010 0.000000 0.000000 0.000000 33.691937 5.435109 2.344959 6.011841 0.704589 1.729841 6.020469 0.578264 1.747981 2.800873 -3.671242 5.282333 0.000000 0.000000 0.000000 0.800662 -8.339675 -5.746009 0.636508 -4.195971 -37.072481 -0.000012 -74.381231 -0.000009 0.000000 0.000000 0.000000 0.117181 18.095888 13.828649 -57.351343 8.232123 41.820801 0.000035 52.740378 -0.000060 0.000000 0.000000 0.000000 
-4.135790 41.849236 -23.483917 19.204294 15.600615 13.446021 -131.137843 7.009689 12.875380 107.840327 -5.112962 -1.843654 4.540510 0.943722 -3.311388 0.000000 0.000000 0.000000 -45.631377 8.170152 -31.313159 128.123571 7.752267 -1.288459 -7.456854 -2.063105 13.248100 0.000000 0.000000 0.000000 34.050938 6.064268 2.722544 6.062558 0.830188 1.822502 6.074132 0.700491 1.834070 2.552247 -3.824629 5.503030 0.000000 0.000000 0.000000 0.809775 -8.388545 -5.596384 0.629144 -5.277298 -37.099395 0.000005 -73.812516 0.000014 0.000000 0.000000 0.000000 0.429512 19.174745 11.658306 -58.705490 8.765230 38.741612 0.000012 45.308384 -0.000011 0.000000 0.000000 0.000000 
-4.153749 41.810799 -23.539825 19.287242 15.649200 13.557327 -131.208289 7.120826 12.943902 107.716099 -5.137912 -1.859195 4.636975 0.942361 -3.320426 0.000000 0.000000 0.000000 -45.708391 8.493877 -31.473662 128.281471 7.925005 -1.165861 -7.498775 -2.072899 13.256442 0.000000 0.000000 0.000000 34.281491 6.571929 3.059349 6.095357 0.932248 1.893699 6.109485 0.801025 1.899553 2.326691 -3.946173 5.714696 0.000000 0.000000 0.000000 0.824587 -8.420250 -5.332515 0.501295 -6.137204 -37.157021 0.000007 -73.416884 0.000023 0.000000 0.000000 0.000000 0.852747 20.115670 8.775226 -59.062989 9.804143 37.040437 0.000002 38.843504 -0.000013 0.000000 0.000000 0.000000 
-4.171442 41.770241 -23.594555 19.367970 15.688548 13.666674 -131.279077 7.200308 12.989992 107.602780 -5.145981 -1.876539 4.728965 0.937821 -3.355238 0.000000 0.000000 0.000000 -45.792368 8.810960 -31.623902 128.441981 8.087597 -1.056015 -7.535399 -2.081727 13.264238 0.000000 0.000000 0.000000 34.436994 6.942057 3.270170 6.122942 1.005420 1.952800 6.139129 0.871557 1.955029 2.168754 -4.019758 5.866447 0.000000 0.000000 0.000000 0.834076 -8.386625 -5.133256 0.183215 -6.589543 -37.250079 -0.000037 -73.244763 -0.000024 0.000000 0.000000 0.000000 1.324467 21.071422 5.636646 -59.022062 11.899340 36.075181 0.000000 31.993754 -0.000029 0.000000 0.000000 0.000000 
-4.188999 41.727997 -23.647755 19.445854 15.716772 13.773857 -131.345931 7.234539 12.999799 107.502280 -5.125574 -1.896138 4.813233 0.929886 -3.433296 0.000000 0.000000 0.000000 -45.897201 9.100086 -31.757685 128.607135 8.220875 -0.974298 -7.564858 -2.088965 13.269798 0.000000 0.000000 0.000000 34.602708 7.301577 3.421504 6.147811 1.079366 2.003937 6.166137 0.942403 2.002489 2.062139 -4.073150 5.972043 0.000000 0.000000 0.000000 0.837925 -8.275460 -4.994600 -0.229157 -6.911573 -37.397970 0.000004 -73.195511 -0.000003 0.000000 0.000000 0.000000 1.798028 21.961742 2.627285 -59.010417 14.749508 35.338217 0.000003 24.472920 -0.000008 0.000000 0.000000 0.000000 
-4.207176 41.687401 -23.699108 19.520252 15.732181 13.878419 -131.405982 7.244694 13.001242 107.412327 -5.095663 -1.916475 4.887394 0.921297 -3.526612 0.000000 0.000000 0.000000 -46.025766 9.361176 -31.871708 128.773573 8.322496 -0.923169 -7.586529 -2.094435 13.274077 0.000000 0.000000 0.000000 34.667718 7.606021 3.545576 6.151376 1.146441 2.037351 6.171712 1.008022 2.032058 2.006894 -4.117691 6.027953 0.000000 0.000000 0.000000 0.839802 -8.186484 -4.905232 -0.562045 -7.235067 -37.553063 -0.000019 -73.155151 0.000014 0.000000 0.000000 0.000000 2.194498 22.653188 0.189034 -59.485750 17.783547 34.878586 0.000001 19.269070 -0.000011 0.000000 0.000000 0.000000 
-4.226175 41.649826 -23.748280 19.590569 15.732916 13.980067 -131.459299 7.246941 13.016211 107.333288 -5.070341 -1.936306 4.949876 0.913007 -3.613264 0.000000 0.000000 0.000000 -46.178800 9.595089 -31.963387 128.939000 8.391961 -0.900337 -7.598755 -2.097929 13.277404 0.000000 0.000000 0.000000 34.549925 7.822844 3.558592 6.117862 1.197789 2.064570 6.139880 1.056503 2.057127 2.015028 -4.139781 5.998435 0.000000 0.000000 0.000000 0.839662 -8.174833 -4.921917 -0.781449 -7.598901 -37.658238 0.000004 -73.010610 0.000011 0.000000 0.000000 0.000000 2.439402 22.962983 -1.233045 -60.580240 20.551100 34.868587 -0.000008 20.031768 -0.000005 0.000000 0.000000 0.000000 
-4.246420 41.615616 -23.794746 19.656173 15.717056 14.078507 -131.505826 7.243622 13.049187 107.266625 -5.051616 -1.955291 4.999596 0.905173 -3.688828 0.000000 0.000000 0.000000 -46.366807 9.786184 -32.026607 129.104686 8.413332 -0.917616 -7.599690 -2.098857 13.277806 0.000000 0.000000 0.000000 34.334692 7.901327 3.460647 6.054812 1.214741 2.092687 6.077641 1.068152 2.086504 2.117881 -4.113357 5.892049 0.000000 0.000000 0.000000 0.831595 -8.123887 -5.049415 -0.907777 -7.881003 -37.726724 -0.000025 -72.862505 -0.000031 0.000000 0.000000 0.000000 2.496273 22.456571 -1.434470 -61.052759 22.521712 35.218983 -0.000010 24.645891 0.000008 0.000000 0.000000 0.000000 
-4.268600 41.584663 -23.838337 19.716547 15.682596 14.173457 -131.539635 7.208019 13.077659 107.214142 -5.027080 -1.975180 5.033236 0.896952 -3.784743 0.000000 0.000000 0.000000 -46.587641 9.940064 -32.056694 129.269854 8.389069 -0.973369 -7.587682 -2.096970 13.278475 0.000000 0.000000 0.000000 34.062939 7.710929 3.414391 5.995767 1.164170 2.103373 6.017332 1.015694 2.101754 2.280058 -4.026560 5.757859 0.000000 0.000000 0.000000 0.816149 -7.955175 -5.291398 -0.891080 -7.571739 -37.797399 -0.000028 -73.012099 0.000013 0.000000 0.000000 0.000000 2.420643 20.919560 -0.594998 -59.991723 23.817297 35.718966 -0.000016 29.411925 -0.000012 0.000000 0.000000 0.000000 
-4.295408 41.559654 -23.874557 19.766542 15.611767 14.261910 -131.541261 7.065800 13.036248 107.191391 -4.948345 -1.999116 5.032257 0.884340 -3.974276 0.000000 0.000000 0.000000 -46.836298 10.071952 -32.029062 129.428424 8.313417 -1.055949 -7.551140 -2.090886 13.280664 0.000000 0.000000 0.000000 33.792795 7.091300 3.465363 6.001083 1.004235 2.096481 6.018322 0.859067 2.104301 2.411924 -3.816454 5.482774 0.000000 0.000000 0.000000 0.787244 -7.655063 -5.719773 -0.727186 -6.425020 -37.842130 0.000024 -73.338118 0.000020 0.000000 0.000000 0.000000 2.335856 18.645609 0.950410 -58.325553 25.090546 36.467691 0.000004 33.966906 -0.000009 0.000000 0.000000 0.000000 
-4.324665 41.537445 -23.907486 19.811493 15.522887 14.347130 -131.517096 6.816226 12.892656 107.184362 -4.797723 -2.027521 5.011007 0.865594 -4.279675 0.000000 0.000000 0.000000 -47.105042 10.185720 -31.969479 129.585395 8.203062 -1.159593 -7.500712 -2.081728 13.282773 0.000000 0.000000 0.000000 33.555968 6.229601 3.561816 6.050472 0.779973 2.086888 6.061661 0.640049 2.107394 2.528038 -3.529771 5.100430 0.000000 0.000000 0.000000 0.755100 -7.240335 -6.231033 -0.280166 -4.768722 -37.883456 -0.000007 -73.429902 -0.000016 0.000000 0.000000 0.000000 2.342162 15.937010 2.960169 -56.669598 26.527393 37.564152 -0.000018 38.780066 -0.000006 0.000000 0.000000 0.000000 
-4.355513 41.517273 -23.937969 19.852691 15.420465 14.430077 -131.481879 6.527270 12.725312 107.188010 -4.628152 -2.057581 4.978772 0.845265 -4.618628 0.000000 0.000000 0.000000 -47.403115 10.260272 -31.886274 129.742694 8.047537 -1.295797 -7.439031 -2.068165 13.283216 0.000000 0.000000 0.000000 33.320999 5.289598 3.664120 6.107377 0.536041 2.073614 6.112060 0.402128 2.109118 2.641876 -3.211089 4.680361 0.000000 0.000000 0.000000 0.735322 -6.915932 -6.570726 0.643707 -3.305994 -37.830861 -0.000007 -73.437805 0.000029 0.000000 0.000000 0.000000 2.503476 12.976629 5.251707 -54.945914 28.051064 38.999513 0.000034 43.777951 -0.000050 0.000000 0.000000 0.000000 
-4.388529 41.499260 -23.965633 19.889726 15.303232 14.510501 -131.450788 6.280975 12.637465 107.201615 -4.507921 -2.084068 4.940970 0.829572 -4.887002 0.000000 0.000000 0.000000 -47.701099 10.346143 -31.784985 129.892002 7.882560 -1.426285 -7.363576 -2.046381 13.283379 0.000000 0.000000 0.000000 33.053891 4.397071 3.736135 6.139687 0.307516 2.053675 6.138314 0.179482 2.104295 2.762199 -2.890727 4.273721 0.000000 0.000000 0.000000 0.731516 -6.919445 -6.681948 1.757124 -2.353466 -37.613763 0.000031 -73.750819 0.000017 0.000000 0.000000 0.000000 2.838396 9.970031 7.643590 -53.164639 29.692021 40.747638 0.000016 48.952273 -0.000012 0.000000 0.000000 0.000000 
-4.425138 41.484467 -23.988945 19.919869 15.161791 14.586854 -131.416856 6.058412 12.623118 107.233280 -4.431623 -2.107303 4.888614 0.818095 -5.098281 0.000000 0.000000 0.000000 -47.996689 10.455288 -31.652493 130.028907 7.708440 -1.544103 -7.263021 -2.016248 13.283147 0.000000 0.000000 0.000000 32.698120 3.704471 3.724097 6.101616 0.138134 2.020455 6.096114 0.014986 2.080507 2.897251 -2.598760 3.939085 0.000000 0.000000 0.000000 0.737051 -7.184369 -6.691455 2.341621 -1.778089 -37.537658 -0.000004 -74.105626 -0.000014 0.000000 0.000000 0.000000 3.310014 7.135969 9.947721 -51.341443 31.588737 42.753132 -0.000001 54.386990 -0.000020 0.000000 0.000000 0.000000 
-4.462849 41.471458 -24.002773 19.931289 14.943276 14.647629 -131.371654 5.749080 12.622110 107.335883 -4.337556 -2.131698 4.791212 0.806653 -5.329107 0.000000 0.000000 0.000000 -48.389609 10.462785 -31.411842 130.173816 7.419903 -1.771276 -7.125382 -1.996210 13.276025 0.000000 0.000000 0.000000 32.400286 3.415127 3.664112 6.014046 0.074607 1.992750 6.007370 -0.046595 2.055702 3.010880 -2.405755 3.730389 0.000000 0.000000 0.000000 0.741901 -7.458596 -6.675005 2.203117 -1.487076 -37.718255 0.000019 -74.301728 -0.000006 0.000000 0.000000 0.000000 3.731530 5.071190 11.729945 -49.559614 34.011781 44.742134 0.000024 59.435808 -0.000033 0.000000 0.000000 0.000000 
-4.482693 41.446075 -24.015987 19.896035 14.616328 14.685632 -131.334279 5.331996 12.647571 107.544361 -4.220461 -2.161691 4.665548 0.796967 -5.572361 0.000000 0.000000 0.000000 -48.900931 10.346158 -31.047065 130.348068 6.993689 -2.162203 -6.931024 -1.977377 13.266720 0.000000 0.000000 0.000000 32.279624 3.337687 3.585276 5.967001 0.066155 1.973357 5.960333 -0.054994 2.036309 3.084379 -2.367675 3.658807 0.000000 0.000000 0.000000 0.749155 -7.769543 -6.521102 2.014036 -1.346511 -37.775498 -0.000006 -74.572279 -0.000001 0.000000 0.000000 0.000000 3.807693 4.599648 12.455851 -48.102372 37.532272 46.194625 0.000044 62.538790 -0.000068 0.000000 0.000000 0.000000 
-4.506868 41.430023 -24.032631 19.812859 14.272683 14.723299 -131.246593 4.903598 12.664212 107.753426 -4.099700 -2.190887 4.541030 0.786921 -5.813994 0.000000 0.000000 0.000000 -49.398336 10.174264 -30.652543 130.512402 6.522297 -2.584066 -6.715896 -1.957427 13.256101 0.000000 0.000000 0.000000 32.191242 3.326058 3.490314 5.928045 0.075950 1.954019 5.921827 -0.045614 2.015936 3.154090 -2.372354 3.631377 0.000000 0.000000 0.000000 0.759855 -8.118668 -6.303500 1.832551 -1.272236 -37.788725 0.000002 -74.870287 0.000030 0.000000 0.000000 0.000000 3.768571 4.584090 12.879356 -46.762586 41.828048 47.479309 -0.000028 65.044711 0.000015 0.000000 0.000000 0.000000 
-4.533018 41.420410 -24.052296 19.688963 13.915150 14.760054 -131.117516 4.463915 12.675157 107.963031 -3.978744 -2.219920 4.419576 0.776990 -6.058072 0.000000 0.000000 0.000000 -49.879864 9.955942 -30.234416 130.668841 6.014143 -3.030553 -6.489076 -1.936182 13.244920 0.000000 0.000000 0.000000 32.132796 3.368317 3.382410 5.896541 0.100560 1.934857 5.891097 -0.021776 1.994882 3.219376 -2.413837 3.640957 0.000000 0.000000 0.000000 0.775047 -8.496799 -6.034730 1.658244 -1.250123 -37.763856 -0.000017 -75.192118 0.000011 0.000000 0.000000 0.000000 3.620689 4.956921 13.041964 -45.577262 46.726069 48.551160 0.000033 67.039570 -0.000057 0.000000 0.000000 0.000000 
-4.560619 41.414726 -24.075096 19.531517 13.546608 14.795465 -130.956364 4.014912 12.682081 108.173565 -3.858357 -2.248938 4.302756 0.767161 -6.304442 0.000000 0.000000 0.000000 -50.344874 9.700191 -29.798353 130.819105 5.477577 -3.495515 -6.254162 -1.911879 13.233773 0.000000 0.000000 0.000000 32.101759 3.452467 3.264714 5.871896 0.136574 1.915963 5.867475 0.013137 1.973453 3.279869 -2.486137 3.680467 0.000000 0.000000 0.000000 0.795561 -8.894657 -5.727239 1.490615 -1.265991 -37.706630 0.000010 -75.534154 -0.000008 0.000000 0.000000 0.000000 3.381119 5.654143 12.987857 -44.559068 52.043036 49.376804 -0.000016 68.609599 -0.000002 0.000000 0.000000 0.000000 
-4.589149 41.410683 -24.101097 19.347687 13.169912 14.829235 -130.772578 3.558764 12.686556 108.384932 -3.739143 -2.278038 4.192552 0.757367 -6.552609 0.000000 0.000000 0.000000 -50.793713 9.416324 -29.349497 130.964929 4.921038 -3.972751 -6.012922 -1.886251 13.223210 0.000000 0.000000 0.000000 32.095639 3.566532 3.140298 5.853442 0.180560 1.897430 5.850248 0.055806 1.951988 3.335054 -2.583321 3.742752 0.000000 0.000000 0.000000 0.820928 -9.302885 -5.393579 1.329364 -1.305542 -37.622567 0.000049 -75.892704 0.000056 0.000000 0.000000 0.000000 3.072687 6.613828 12.762504 -43.694359 57.591131 49.930459 -0.000021 69.840918 0.000012 0.000000 0.000000 0.000000 
-4.618063 41.407967 -24.130520 19.144515 12.788069 14.861047 -130.572180 3.099520 12.689042 108.594974 -3.620596 -2.307148 4.089478 0.747353 -6.800280 0.000000 0.000000 0.000000 -51.226719 9.116730 -28.892831 131.106492 4.354173 -4.454042 -5.767436 -1.859862 13.214196 0.000000 0.000000 0.000000 32.111759 3.698464 3.012420 5.841613 0.229100 1.879377 5.839718 0.102835 1.930731 3.384638 -2.699381 3.820734 0.000000 0.000000 0.000000 0.852510 -9.712398 -5.046223 1.174194 -1.354366 -37.517020 0.000015 -76.264219 0.000024 0.000000 0.000000 0.000000 2.719890 7.774652 12.411417 -42.938445 63.182692 50.184904 0.000005 70.819677 -0.000022 0.000000 0.000000 0.000000 
-4.646852 41.405579 -24.163517 18.929115 12.404074 14.890784 -130.362001 2.640329 12.690605 108.802072 -3.503089 -2.336333 3.994398 0.737126 -7.046492 0.000000 0.000000 0.000000 -51.646612 8.810627 -28.432650 131.244735 3.784749 -4.933671 -5.518560 -1.832919 13.207177 0.000000 0.000000 0.000000 32.147440 3.836202 2.884249 5.837933 0.278781 1.861883 5.836180 0.150900 1.910038 3.428137 -2.828322 3.907303 0.000000 0.000000 0.000000 0.889482 -10.113827 -4.697633 1.024854 -1.398017 -37.395224 0.000022 -76.644906 0.000030 0.000000 0.000000 0.000000 2.345927 9.074693 11.978694 -42.203616 68.634536 50.094940 0.000039 71.631978 -0.000056 0.000000 0.000000 0.000000 
-4.675127 41.401520 -24.200256 18.708469 12.020861 14.918491 -130.151058 2.183328 12.692874 109.005810 -3.387532 -2.365689 3.909280 0.726650 -7.290766 0.000000 0.000000 0.000000 -52.057462 8.505284 -27.972744 131.381557 3.217990 -5.407556 -5.265075 -1.805494 13.202370 0.000000 0.000000 0.000000 32.199721 3.967708 2.758939 5.836029 0.326156 1.845054 5.835054 0.196634 1.890154 3.465014 -2.964227 3.995326 0.000000 0.000000 0.000000 0.930100 -10.497633 -4.360336 0.881171 -1.421967 -37.262179 0.000007 -77.031242 -0.000009 0.000000 0.000000 0.000000 1.970561 10.450756 11.506903 -41.327596 73.770592 49.561253 0.000044 72.363983 -0.000070 0.000000 0.000000 0.000000 
-4.702246 41.394394 -24.240707 18.489645 11.641417 14.944174 -129.947559 1.732288 12.696534 109.205197 -3.273366 -2.395096 3.835418 0.715628 -7.530167 0.000000 0.000000 0.000000 -52.462225 8.208238 -27.517065 131.519828 2.660344 -5.871362 -5.013485 -1.778072 13.200386 0.000000 0.000000 0.000000 32.265670 4.080983 2.639728 5.835332 0.367817 1.828983 5.835888 0.236732 1.871544 3.494637 -3.101131 4.077669 0.000000 0.000000 0.000000 0.972038 -10.854325 -4.046885 0.743016 -1.411667 -37.122819 -0.000025 -77.419525 -0.000020 0.000000 0.000000 0.000000 1.608896 11.837950 11.036617 -39.988678 78.422989 48.341934 0.000049 73.101814 -0.000070 0.000000 0.000000 0.000000 
-4.727722 41.382500 -24.284901 18.279567 11.268674 14.968088 -129.760357 1.289425 12.703157 109.399919 -3.161637 -2.424668 3.774492 0.704099 -7.764059 0.000000 0.000000 0.000000 -52.864903 7.926718 -27.069203 131.662060 2.118626 -6.320953 -4.765931 -1.750949 13.201292 0.000000 0.000000 0.000000 32.341977 4.164025 2.529780 5.836052 0.400354 1.813775 5.838183 0.267780 1.854315 3.515797 -3.233061 4.147212 0.000000 0.000000 0.000000 1.012489 -11.174367 -3.769882 0.610279 -1.352487 -36.981916 -0.000014 -77.806073 -0.000011 0.000000 0.000000 0.000000 1.270866 13.169735 10.606775 -37.453192 82.429906 45.795595 0.000064 73.931607 -0.000071 0.000000 0.000000 0.000000 
-4.751211 41.363815 -24.332996 18.085231 10.905597 14.990595 -129.598700 0.857152 12.714173 109.589333 -3.052967 -2.454434 3.728806 0.691921 -7.991007 0.000000 0.000000 0.000000 -53.270879 7.667988 -26.631932 131.810944 1.598604 -6.752276 -4.521764 -1.724258 13.205342 0.000000 0.000000 0.000000 32.425527 4.204738 2.432262 5.838258 0.420306 1.799532 5.841544 0.286477 1.838921 3.527965 -3.354090 4.196802 0.000000 0.000000 0.000000 1.048338 -11.448260 -3.541996 0.482924 -1.229745 -36.844137 -0.000008 -78.187320 -0.000003 0.000000 0.000000 0.000000 0.961741 14.378148 10.254890 -31.702965 85.625239 40.004175 0.000042 74.939517 -0.000061 0.000000 0.000000 0.000000 
-4.772247 41.336708 -24.384975 17.913547 10.555160 15.012144 -129.471386 0.438281 12.730780 109.772854 -2.947805 -2.484370 3.700034 0.678952 -8.209184 0.000000 0.000000 0.000000 -53.685020 7.439614 -26.208319 131.969336 1.105898 -7.161196 -4.282833 -1.698261 13.212741 0.000000 0.000000 0.000000 32.512978 4.191116 2.350345 5.844461 0.424279 1.786344 5.848068 0.289435 1.825584 3.532026 -3.458279 4.219290 0.000000 0.000000 0.000000 1.078707 -11.666862 -3.375850 0.360912 -1.028691 -36.714070 0.000010 -78.559593 -0.000005 0.000000 0.000000 0.000000 0.683211 15.394097 10.017543 -16.479366 87.800682 24.809947 0.000071 76.211702 -0.000091 0.000000 0.000000 0.000000 
-4.790403 41.299416 -24.440857 17.771491 10.220336 15.033226 -129.387402 0.035291 12.754359 109.949728 -2.846923 -2.514566 3.690178 0.665121 -8.416985 0.000000 0.000000 0.000000 -54.111993 7.249213 -25.801497 132.140405 0.646034 -7.543540 -4.052443 -1.672729 13.224499 0.000000 0.000000 0.000000 32.601097 4.111129 2.287284 5.852532 0.408847 1.774304 5.856013 0.273305 1.814647 3.525079 -3.539706 4.207507 0.000000 0.000000 0.000000 1.100590 -11.820720 -3.283978 0.244301 -0.734615 -36.596239 -0.000018 -78.919243 0.000007 0.000000 0.000000 0.000000 0.435306 16.147974 9.930665 14.177066 88.693005 -5.651991 0.000074 77.834302 -0.000087 0.000000 0.000000 0.000000 
-4.805195 41.250488 -24.500549 17.665929 9.904045 15.054389 -129.355532 -0.348992 12.786058 110.119486 -2.750644 -2.544956 3.700734 0.650267 -8.612258 0.000000 0.000000 0.000000 -54.555685 7.104819 -25.414953 132.327566 0.224776 -7.895013 -3.837050 -1.645923 13.242220 0.000000 0.000000 0.000000 32.686608 3.952800 2.246305 5.860982 0.370579 1.763532 5.863811 0.234755 1.805975 3.506237 -3.592436 4.154299 0.000000 0.000000 0.000000 1.110891 -11.900365 -3.279124 0.133094 -0.332773 -36.495050 -0.000025 -79.262624 0.000002 0.000000 0.000000 0.000000 0.219400 16.570095 10.029607 18.290815 88.629785 -9.330574 0.000045 79.893372 -0.000088 0.000000 0.000000 0.000000 
-4.814732 41.183372 -24.566017 17.635031 9.607526 15.084661 -129.411840 -0.707492 12.834715 110.281614 -2.651126 -2.576697 3.731440 0.633810 -8.794222 0.000000 0.000000 0.000000 -55.058541 7.077747 -25.054707 132.548768 -0.119831 -8.191839 -3.624579 -1.620888 13.270911 0.000000 0.000000 0.000000 32.771231 3.731181 2.265250 5.873578 0.311587 1.757844 5.875252 0.176300 1.804869 3.461952 -3.615494 4.063713 0.000000 0.000000 0.000000 1.104482 -11.852550 -3.374078 0.040478 0.165977 -36.467951 -0.000043 -79.512657 -0.000072 0.000000 0.000000 0.000000 0.049011 16.638267 10.438201 -19.838858 86.878353 29.449409 0.000017 81.877098 -0.000044 0.000000 0.000000 0.000000 
-4.809582 41.084389 -24.644661 17.763331 9.321973 15.144932 -129.627005 -1.041744 12.924047 110.440990 -2.532997 -2.614268 3.772059 0.616379 -8.978464 0.000000 0.000000 0.000000 -55.731588 7.322402 -24.718436 132.841497 -0.316158 -8.394302 -3.376555 -1.597931 13.326595 0.000000 0.000000 0.000000 32.862881 3.549818 2.441351 5.902300 0.255405 1.769974 5.902702 0.122458 1.820855 3.353386 -3.635317 3.978523 0.000000 0.000000 0.000000 1.076334 -11.559936 -3.540845 0.011234 0.638533 -36.670538 0.000071 -79.444901 0.000109 0.000000 0.000000 0.000000 -0.069712 16.602470 11.430275 -36.709091 80.029648 46.853493 0.000002 82.183063 -0.000027 0.000000 0.000000 0.000000 
-4.801331 40.974030 -24.726364 17.949558 9.043191 15.211828 -129.904420 -1.368722 13.026270 110.599826 -2.410851 -2.653140 3.820748 0.598294 -9.157521 0.000000 0.000000 0.000000 -56.478035 7.632816 -24.377403 133.154073 -0.481260 -8.576791 -3.110754 -1.573670 13.393734 0.000000 0.000000 0.000000 32.950393 3.377554 2.672255 5.935495 0.199066 1.787319 5.934574 0.068709 1.841060 3.219199 -3.655815 3.890224 0.000000 0.000000 0.000000 1.042091 -11.172333 -3.733736 0.010579 1.093170 -36.954318 -0.000056 -79.258239 -0.000028 0.000000 0.000000 0.000000 -0.176282 16.533036 12.693710 -39.935464 71.021407 50.226978 0.000034 82.248796 -0.000059 0.000000 0.000000 0.000000 
-4.790133 40.856316 -24.811401 18.177229 8.766370 15.288649 -130.220453 -1.691197 13.139178 110.757651 -2.284199 -2.693426 3.872166 0.579880 -9.336038 0.000000 0.000000 0.000000 -57.278120 8.014441 -24.028701 133.483015 -0.613001 -8.735370 -2.829823 -1.545509 13.473118 0.000000 0.000000 0.000000 33.042382 3.220844 2.944887 5.973289 0.144728 1.809305 5.971037 0.017433 1.865795 3.068314 -3.676717 3.806139 0.000000 0.000000 0.000000 1.005802 -10.722647 -3.940948 0.026020 1.536232 -37.300390 -0.000026 -78.986616 -0.000011 0.000000 0.000000 0.000000 -0.266581 16.463985 14.099974 -41.632083 60.713927 51.231627 -0.000046 81.789664 -0.000024 0.000000 0.000000 0.000000 
-4.777246 40.731712 -24.899452 18.429968 8.486608 15.378823 -130.558315 -2.014921 13.261743 110.917887 -2.153928 -2.735443 3.924121 0.561427 -9.519895 0.000000 0.000000 0.000000 -58.108012 8.480039 -23.670184 133.827366 -0.706337 -8.861708 -2.533076 -1.509338 13.565494 0.000000 0.000000 0.000000 33.147140 3.086147 3.245833 6.015841 0.094597 1.835029 6.012330 -0.029339 1.894374 2.909626 -3.697753 3.733578 0.000000 0.000000 0.000000 0.970733 -10.243828 -4.150909 0.045144 1.974252 -37.689455 -0.000087 -78.664224 -0.000038 0.000000 0.000000 0.000000 -0.339392 16.426127 15.519675 -43.452161 49.927679 51.181087 0.000103 80.520909 -0.000137 0.000000 0.000000 0.000000 
-4.764156 40.601837 -24.990410 18.691528 8.198932 15.485690 -130.899264 -2.344525 13.392321 111.082215 -2.019912 -2.779356 3.974454 0.543069 -9.714419 0.000000 0.000000 0.000000 -58.951090 9.022275 -23.298586 134.185514 -0.763329 -8.961194 -2.220381 -1.468476 13.675378 0.000000 0.000000 0.000000 33.272734 2.979918 3.561737 6.063326 0.050806 1.863548 6.058577 -0.069780 1.925399 2.752141 -3.718638 3.679857 0.000000 0.000000 0.000000 0.939450 -9.768814 -4.352134 0.055782 2.414058 -38.101824 0.000001 -78.324996 -0.000022 0.000000 0.000000 0.000000 -0.396418 16.445782 16.822997 -45.890928 39.534112 50.393723 0.000006 78.157848 -0.000017 0.000000 0.000000 0.000000 
-4.752018 40.469116 -25.083988 18.945662 7.898434 15.612325 -131.222851 -2.683144 13.528654 111.252273 -1.881178 -2.825215 4.019051 0.524912 -9.923613 0.000000 0.000000 0.000000 -59.793450 9.631985 -22.909776 134.555273 -0.790939 -9.040600 -1.891528 -1.423467 13.803422 0.000000 0.000000 0.000000 33.426915 2.908638 3.879367 6.115812 0.015527 1.893950 6.110041 -0.101959 1.957863 2.604815 -3.739064 3.652288 0.000000 0.000000 0.000000 0.913625 -9.330607 -4.533505 0.046028 2.862859 -38.517527 0.000039 -78.003014 0.000092 0.000000 0.000000 0.000000 -0.440559 16.544829 17.879202 -49.111539 30.414583 49.089434 0.000020 74.415799 -0.000038 0.000000 0.000000 0.000000 
-4.741798 40.338196 -25.180763 19.175097 7.573429 15.771578 -131.494775 -3.032945 13.669562 111.428970 -1.729930 -2.873946 4.045031 0.507405 -10.159389 0.000000 0.000000 0.000000 -60.627969 10.321957 -22.497943 134.939635 -0.791172 -9.106605 -1.544775 -1.374613 13.953735 0.000000 0.000000 0.000000 33.630721 2.897398 4.187455 6.176315 -0.004472 1.926339 6.169806 -0.119429 1.991543 2.482190 -3.758597 3.672961 0.000000 0.000000 0.000000 0.894178 -8.962189 -4.683980 0.004284 3.328184 -38.916096 0.000038 -77.732279 0.000052 0.000000 0.000000 0.000000 -0.465676 16.773901 18.431325 -53.345085 23.941464 47.836876 0.000056 68.167289 -0.000080 0.000000 0.000000 0.000000 
-4.734913 40.215866 -25.287155 19.301170 7.189360 16.009236 -131.604508 -3.392722 13.815355 111.616090 -1.546541 -2.928704 4.029970 0.491058 -10.452513 0.000000 0.000000 0.000000 -61.355473 11.223495 -22.078609 135.358285 -0.700959 -9.121498 -1.176247 -1.312197 14.148260 0.000000 0.000000 0.000000 33.931587 2.983169 4.486111 6.250187 -0.000995 1.962293 6.243446 -0.114372 2.027646 2.393818 -3.774985 3.761405 0.000000 0.000000 0.000000 0.884466 -8.749031 -4.759905 -0.111287 3.811413 -39.313988 0.000018 -77.548711 0.000057 0.000000 0.000000 0.000000 -0.442708 17.256734 18.148583 -58.465128 20.842944 47.119214 -0.000004 58.723794 -0.000006 0.000000 0.000000 0.000000 
-4.731115 40.095497 -25.400181 19.323109 6.777674 16.260741 -131.614986 -3.772282 13.957340 111.812198 -1.370341 -2.985671 4.024016 0.475332 -10.766362 0.000000 0.000000 0.000000 -61.955444 12.177276 -21.643218 135.779584 -0.565718 -9.108144 -0.803497 -1.249759 14.365657 0.000000 0.000000 0.000000 34.355104 3.213942 4.767308 6.329581 0.035830 2.006516 6.323302 -0.077922 2.070425 2.325601 -3.793885 3.912058 0.000000 0.000000 0.000000 0.884396 -8.665214 -4.783541 -0.239013 4.093858 -39.733215 -0.000024 -77.392901 -0.000041 0.000000 0.000000 0.000000 -0.313081 18.194997 16.629250 -62.769104 20.573927 46.315284 -0.000013 49.609860 -0.000015 0.000000 0.000000 0.000000 
-4.729912 39.997299 -25.501163 19.327709 6.443786 16.475475 -131.607910 -4.074650 14.069027 111.954232 -1.223290 -3.033857 4.038325 0.459747 -11.022861 0.000000 0.000000 0.000000 -62.472086 12.955515 -21.268290 136.134768 -0.466977 -9.110308 -0.483694 -1.195996 14.554153 0.000000 0.000000 0.000000 34.783203 3.666430 5.019804 6.388111 0.126332 2.066133 6.383613 0.009354 2.125648 2.225075 -3.846459 4.112838 0.000000 0.000000 0.000000 0.891569 -8.720853 -4.724432 -0.419677 3.889718 -40.096888 0.000033 -77.103492 0.000032 0.000000 0.000000 0.000000 -0.041844 19.366588 14.102672 -64.617858 21.371385 44.647516 0.000012 45.077503 -0.000004 0.000000 0.000000 0.000000 
-4.733734 39.925461 -25.588676 19.345541 6.278650 16.729100 -131.553514 -4.167124 14.134220 111.966608 -1.092160 -3.072201 4.057562 0.445605 -11.230341 0.000000 0.000000 0.000000 -62.849201 13.606459 -21.122787 136.448137 -0.344528 -9.114404 -0.303307 -1.173963 14.702868 0.000000 0.000000 0.000000 35.166547 4.329348 5.221432 6.419995 0.267839 2.139408 6.418445 0.144602 2.191744 2.061212 -3.944644 4.350063 0.000000 0.000000 0.000000 0.905235 -8.866110 -4.582487 -0.659582 3.182745 -40.321120 0.000023 -76.694623 0.000027 0.000000 0.000000 0.000000 0.393130 20.200156 10.999077 -64.526491 21.812076 42.912111 0.000006 43.728664 -0.000023 0.000000 0.000000 0.000000 
-4.723162 39.869980 -25.657200 19.381638 6.307024 17.028712 -131.487439 -4.007834 14.145922 111.858418 -0.969552 -3.102463 4.086686 0.432594 -11.363309 0.000000 0.000000 0.000000 -63.006904 14.204951 -21.292111 136.735579 -0.100124 -9.089451 -0.325226 -1.201674 14.819888 0.000000 0.000000 0.000000 35.458630 4.961702 5.342620 6.432430 0.402334 2.208014 6.434597 0.271756 2.253870 1.889005 -4.046078 4.583806 0.000000 0.000000 0.000000 0.920213 -9.025250 -4.422886 -0.845297 2.434218 -40.415281 0.000035 -76.432966 0.000055 0.000000 0.000000 0.000000 0.919304 20.520062 7.804301 -63.968184 21.761966 41.866655 -0.000008 42.057371 0.000014 0.000000 0.000000 0.000000 
-4.716484 39.822784 -25.722530 19.513798 6.362102 17.380714 -131.427675 -3.811380 14.162047 111.716364 -0.825739 -3.134056 4.063768 0.424077 -11.540715 0.000000 0.000000 0.000000 -63.280289 14.906502 -21.482446 137.021805 0.173071 -9.050485 -0.306100 -1.225713 14.944013 0.000000 0.000000 0.000000 35.630703 5.496741 5.384712 6.431088 0.519953 2.263165 6.436544 0.382240 2.303465 1.773394 -4.128583 4.784180 0.000000 0.000000 0.000000 0.928242 -9.098937 -4.325187 -1.010868 1.809763 -40.415069 0.000043 -76.359377 0.000049 0.000000 0.000000 0.000000 1.428056 20.717502 4.832595 -63.613056 22.176941 41.098160 -0.000013 38.940309 -0.000007 0.000000 0.000000 0.000000 
-4.708174 39.790657 -25.762367 19.669239 6.452761 17.737865 -131.348117 -3.579658 14.160924 111.571120 -0.685464 -3.162899 3.988568 0.421183 -11.723744 0.000000 0.000000 0.000000 -63.469984 15.614214 -21.747527 137.262241 0.492154 -8.985196 -0.334209 -1.253419 15.054051 0.000000 0.000000 0.000000 35.687718 5.965287 5.378997 6.421588 0.629657 2.303651 6.429730 0.486072 2.338330 1.727514 -4.193211 4.941790 0.000000 0.000000 0.000000 0.927811 -9.050360 -4.280095 -1.235321 1.180854 -40.396853 0.000037 -76.308506 0.000039 0.000000 0.000000 0.000000 1.829372 20.971963 2.538505 -63.741818 23.556421 40.283404 0.000008 34.334173 -0.000018 0.000000 0.000000 0.000000 
-4.697765 39.779503 -25.771294 19.761197 6.617996 18.033964 -131.240992 -3.284977 14.116124 111.412728 -0.587379 -3.181830 3.915584 0.420595 -11.839768 0.000000 0.000000 0.000000 -63.401183 16.095440 -22.152356 137.416699 0.799736 -8.919985 -0.504985 -1.300989 15.109635 0.000000 0.000000 0.000000 35.653328 6.267745 5.394719 6.405433 0.698318 2.335599 6.415699 0.550963 2.366840 1.731275 -4.226425 5.054922 0.000000 0.000000 0.000000 0.927328 -8.989729 -4.265241 -1.358100 0.808955 -40.418471 0.000040 -76.232192 0.000034 0.000000 0.000000 0.000000 2.104127 21.148171 1.197480 -64.627291 25.481395 39.787037 0.000003 28.738058 0.000006 0.000000 0.000000 0.000000 
-4.691362 39.792679 -25.770668 19.761884 6.729996 18.192825 -131.117024 -3.089640 14.059743 111.301095 -0.534831 -3.192424 3.868085 0.419699 -11.892277 0.000000 0.000000 0.000000 -63.276307 16.266367 -22.428483 137.469032 0.944374 -8.906126 -0.627796 -1.334028 15.116387 0.000000 0.000000 0.000000 35.577199 6.344428 5.458131 6.391643 0.705911 2.367547 6.402211 0.556098 2.399356 1.796861 -4.218709 5.091430 0.000000 0.000000 0.000000 0.923898 -8.931860 -4.297140 -1.266632 0.810388 -40.473836 -0.000021 -76.113067 -0.000006 0.000000 0.000000 0.000000 2.166790 21.188135 0.950093 -65.010389 26.046151 39.676019 -0.000045 27.020768 0.000025 0.000000 0.000000 0.000000 
-4.690317 39.814003 -25.769466 19.744525 6.817069 18.337980 -130.964260 -2.933130 13.996859 111.198253 -0.481500 -3.202459 3.811173 0.418931 -11.963216 0.000000 0.000000 0.000000 -63.120565 16.491411 -22.678841 137.503593 1.125483 -8.845471 -0.725020 -1.358371 15.121813 0.000000 0.000000 0.000000 35.495267 6.314153 5.495859 6.377594 0.686505 2.395528 6.387742 0.534164 2.429872 1.895456 -4.197476 5.065553 0.000000 0.000000 0.000000 0.915197 -8.854515 -4.416132 -1.097109 0.996649 -40.475322 0.000018 -76.016201 0.000045 0.000000 0.000000 0.000000 2.108249 21.216898 1.113474 -64.776797 26.081837 39.448263 0.000015 27.302332 -0.000000 0.000000 0.000000 0.000000 
-4.692141 39.836815 -25.766144 19.711557 6.883009 18.469719 -130.800295 -2.806502 13.937442 111.111748 -0.433850 -3.211843 3.749739 0.418917 -12.040083 0.000000 0.000000 0.000000 -63.038152 16.516369 -22.858681 137.527990 1.134916 -8.900669 -0.797732 -1.379861 15.118810 0.000000 0.000000 0.000000 35.295839 6.166949 5.515078 6.346976 0.643093 2.412504 6.355912 0.489524 2.450444 2.001261 -4.167604 5.012554 0.000000 0.000000 0.000000 0.899757 -8.833104 -4.673790 -0.901815 1.442741 -40.363758 -0.000032 -76.039130 -0.000025 0.000000 0.000000 0.000000 1.828858 20.694445 2.429202 -65.497437 25.981302 39.885241 0.000004 26.391597 -0.000015 0.000000 0.000000 0.000000 
-4.697493 39.862267 -25.761761 19.663464 6.929297 18.587653 -130.623734 -2.709959 13.882851 111.036644 -0.394234 -3.222814 3.686556 0.419393 -12.119897 0.000000 0.000000 0.000000 -62.952214 16.522825 -23.005438 137.542730 1.126431 -8.953768 -0.853981 -1.394714 15.111935 0.000000 0.000000 0.000000 35.031876 5.758614 5.629267 6.330645 0.537822 2.406294 6.336531 0.388650 2.449978 2.107530 -4.099100 4.914485 0.000000 0.000000 0.000000 0.875792 -8.748974 -5.052498 -0.649916 2.205644 -40.198112 -0.000036 -76.139500 -0.000031 0.000000 0.000000 0.000000 1.145356 19.180155 6.264797 -67.558835 25.628249 41.354839 -0.000029 24.003677 0.000008 0.000000 0.000000 0.000000 
-4.707365 39.888603 -25.756622 19.601770 6.958599 18.691909 -130.438937 -2.645723 13.825738 110.973615 -0.358502 -3.233975 3.624129 0.421056 -12.208856 0.000000 0.000000 0.000000 -62.810864 16.617526 -23.144528 137.549491 1.186558 -8.942090 -0.904507 -1.404760 15.112782 0.000000 0.000000 0.000000 34.921685 5.119369 5.795324 6.372771 0.371696 2.386428 6.373971 0.230181 2.439240 2.198803 -3.979377 4.737441 0.000000 0.000000 0.000000 0.844901 -8.423998 -5.511710 -0.450338 3.137765 -40.037322 -0.000025 -76.239671 -0.000025 0.000000 0.000000 0.000000 0.644185 17.877834 9.721576 -68.428831 25.421138 42.786057 0.000021 23.938835 -0.000011 0.000000 0.000000 0.000000 
-4.718409 39.915932 -25.750404 19.528602 6.974599 18.782954 -130.252227 -2.596062 13.769896 110.923112 -0.323677 -3.240629 3.561693 0.423223 -12.294261 0.000000 0.000000 0.000000 -62.667040 16.687192 -23.262284 137.549355 1.227132 -8.931482 -0.948601 -1.411487 15.104895 0.000000 0.000000 0.000000 34.843787 4.616108 5.890420 6.402356 0.241245 2.370138 6.400000 0.104893 2.430317 2.277213 -3.877707 4.588446 0.000000 0.000000 0.000000 0.831269 -8.265016 -5.720496 -0.296355 3.704546 -39.935450 0.000077 -76.378761 0.000088 0.000000 0.000000 0.000000 0.298414 17.114671 11.955298 -67.098583 25.710505 43.909295 -0.000014 27.899656 0.000004 0.000000 0.000000 0.000000 
-4.730780 39.942566 -25.743473 19.444580 6.978918 18.860085 -130.066596 -2.565738 13.715812 110.883395 -0.294561 -3.246100 3.503522 0.425390 -12.378142 0.000000 0.000000 0.000000 -62.509557 16.743159 -23.363832 137.543549 1.267773 -8.915606 -0.995189 -1.415714 15.095205 0.000000 0.000000 0.000000 34.750141 4.220412 5.942321 6.412382 0.139482 2.357206 6.408091 0.006650 2.423213 2.349308 -3.793242 4.468145 0.000000 0.000000 0.000000 0.820368 -8.148443 -5.866190 -0.145338 4.175629 -39.849045 -0.000014 -76.533144 -0.000016 0.000000 0.000000 0.000000 0.017980 16.681559 13.358047 -64.438641 26.797235 44.779711 0.000009 33.944541 -0.000017 0.000000 0.000000 0.000000 
-4.744789 39.966995 -25.736523 19.351350 6.975188 18.923743 -129.886224 -2.552073 13.666051 110.852071 -0.273898 -3.250529 3.453483 0.427372 -12.457757 0.000000 0.000000 0.000000 -62.294740 16.891246 -23.472883 137.533454 1.388583 -8.828755 -1.038922 -1.417224 15.086623 0.000000 0.000000 0.000000 34.649591 3.883234 5.968486 6.414194 0.053362 2.346337 6.408512 -0.076921 2.417326 2.417424 -3.717696 4.362643 0.000000 0.000000 0.000000 0.812620 -8.072952 -5.954273 0.002061 4.560083 -39.776092 -0.000003 -76.699903 0.000016 0.000000 0.000000 0.000000 -0.226600 16.441594 14.265921 -61.194486 28.707476 45.415891 0.000002 40.555266 -0.000019 0.000000 0.000000 0.000000 
-4.759069 39.992783 -25.729919 19.250168 6.965780 18.973907 -129.708120 -2.544964 13.618005 110.825352 -0.257568 -3.253794 3.408251 0.429150 -12.527502 0.000000 0.000000 0.000000 -62.059707 17.055346 -23.577540 137.513865 1.526361 -8.718986 -1.074912 -1.411162 15.076104 0.000000 0.000000 0.000000 34.543234 3.598277 5.973301 6.410387 -0.018728 2.336783 6.401489 -0.147209 2.411998 2.482462 -3.650765 4.271324 0.000000 0.000000 0.000000 0.808564 -8.037751 -5.990292 0.145235 4.866972 -39.714507 0.000019 -76.876197 0.000025 0.000000 0.000000 0.000000 -0.456996 16.360024 14.832061 -57.584095 31.344496 45.797832 -0.000009 47.387098 -0.000005 0.000000 0.000000 0.000000 
-4.772245 40.020004 -25.723568 19.142370 6.953688 19.010396 -129.534196 -2.542747 13.569819 110.801152 -0.245116 -3.255840 3.369513 0.429775 -12.586206 0.000000 0.000000 0.000000 -61.818936 17.202125 -23.675317 137.485110 1.652994 -8.608330 -1.107185 -1.395299 15.061964 0.000000 0.000000 0.000000 34.432210 3.359258 5.960926 6.397437 -0.078333 2.327819 6.387173 -0.205627 2.406522 2.545393 -3.592094 4.193600 0.000000 0.000000 0.000000 0.809263 -8.041740 -5.979679 0.283615 5.105394 -39.662465 -0.000030 -77.059116 0.000001 0.000000 0.000000 0.000000 -0.684572 16.442087 15.110120 -53.666357 34.645339 45.846333 0.000021 54.300793 -0.000033 0.000000 0.000000 0.000000 
-4.783573 40.047775 -25.717529 19.029279 6.941619 19.032882 -129.369015 -2.541460 13.521311 110.779221 -0.236891 -3.256551 3.338721 0.428203 -12.630926 0.000000 0.000000 0.000000 -61.574101 17.322398 -23.767426 137.449880 1.773846 -8.501190 -1.139098 -1.382445 15.044320 0.000000 0.000000 0.000000 34.317883 3.159947 5.935422 6.378618 -0.127045 2.318693 6.367344 -0.253554 2.400203 2.607156 -3.541368 4.128865 0.000000 0.000000 0.000000 0.815058 -8.083730 -5.928023 0.416611 5.284484 -39.618171 0.000028 -77.245860 0.000048 0.000000 0.000000 0.000000 -0.916141 16.694369 15.153751 -49.462222 38.528189 45.455544 0.000033 61.157247 -0.000037 0.000000 0.000000 0.000000 
-4.792360 40.075523 -25.712399 18.912191 6.932484 19.042262 -129.214967 -2.538386 13.472580 110.758252 -0.231720 -3.256461 3.318447 0.426723 -12.659459 0.000000 0.000000 0.000000 -61.329402 17.410139 -23.855429 137.409186 1.883931 -8.401852 -1.170845 -1.371663 15.023158 0.000000 0.000000 0.000000 34.201817 2.993985 5.900962 6.355044 -0.166473 2.308632 6.343088 -0.292367 2.392356 2.668694 -3.498273 4.076502 0.000000 0.000000 0.000000 0.823435 -8.162193 -5.840731 0.543623 5.413307 -39.579949 -0.000047 -77.433486 -0.000034 0.000000 0.000000 0.000000 -1.155417 17.124140 15.017096 -44.943669 42.891047 44.487177 0.000042 67.817297 -0.000070 0.000000 0.000000 0.000000 
-4.797968 40.102142 -25.708313 18.792446 6.929139 19.037769 -129.076819 -2.530919 13.423352 110.737816 -0.231441 -3.255662 3.310847 0.425341 -12.670370 0.000000 0.000000 0.000000 -61.087101 17.458824 -23.941719 137.363560 1.978608 -8.314668 -1.202661 -1.362024 14.998716 0.000000 0.000000 0.000000 34.085502 2.855084 5.861502 6.327914 -0.198174 2.296921 6.315484 -0.323478 2.382228 2.730971 -3.462462 4.035905 0.000000 0.000000 0.000000 0.833772 -8.275794 -5.723306 0.664121 5.501036 -39.546228 -0.000007 -77.619164 0.000012 0.000000 0.000000 0.000000 -1.403973 17.738495 14.753982 -40.017044 47.610134 42.756738 0.000002 74.141785 -0.000009 0.000000 0.000000 0.000000 
-4.799597 40.126915 -25.705368 18.671348 6.934033 19.019787 -128.958357 -2.515910 13.373116 110.717004 -0.236704 -3.254206 3.317882 0.424113 -12.661003 0.000000 0.000000 0.000000 -60.846119 17.467645 -24.030137 137.314929 2.060051 -8.240549 -1.240129 -1.354755 14.971309 0.000000 0.000000 0.000000 33.970636 2.737054 5.821214 6.298401 -0.223746 2.282810 6.285655 -0.348297 2.369146 2.794992 -3.433625 4.006495 0.000000 0.000000 0.000000 0.846269 -8.423353 -5.581287 0.777543 5.556861 -39.515612 -0.000028 -77.799994 -0.000009 0.000000 0.000000 0.000000 -1.663032 18.543958 14.418075 -34.499402 52.536842 40.008953 0.000037 79.991624 -0.000072 0.000000 0.000000 0.000000 
-4.796316 40.149170 -25.703651 18.550254 6.950240 18.988194 -128.863485 -2.489301 13.321419 110.695845 -0.245509 -3.252014 3.340949 0.422100 -12.627140 0.000000 0.000000 0.000000 -60.609774 17.427608 -24.122801 137.264386 2.122789 -8.185277 -1.286523 -1.350629 14.940634 0.000000 0.000000 0.000000 33.858791 2.633680 5.784226 6.267604 -0.244770 2.265544 6.254737 -0.368165 2.352420 2.861716 -3.411412 3.987665 0.000000 0.000000 0.000000 0.860108 -8.603455 -5.420031 0.883394 5.589819 -39.486638 -0.000066 -77.973153 -0.000040 0.000000 0.000000 0.000000 -1.934790 19.545819 14.062534 -28.084601 57.492038 35.882218 -0.000021 85.227565 -0.000034 0.000000 0.000000 0.000000 
-4.787191 40.168335 -25.703259 18.430490 6.980429 18.943077 -128.795347 -2.448950 13.268138 110.671857 -0.259149 -3.249504 3.382471 0.416376 -12.568708 0.000000 0.000000 0.000000 -60.380102 17.331484 -24.222219 137.213473 2.163890 -8.153249 -1.346291 -1.352519 14.906331 0.000000 0.000000 0.000000 33.751602 2.538751 5.754685 6.236714 -0.262830 2.244395 6.223765 -0.384377 2.331294 2.932187 -3.395594 3.979236 0.000000 0.000000 0.000000 0.874804 -8.814832 -5.245099 0.981179 5.609203 -39.458146 -0.000057 -78.135698 -0.000027 0.000000 0.000000 0.000000 -2.224191 20.748088 13.740092 -20.304344 62.255897 29.866252 0.002398 89.710580 -0.002735 0.000000 0.000000 0.000000 
-4.771502 40.182777 -25.704666 18.313626 7.028277 18.884059 -128.759489 -2.392221 13.212339 110.644898 -0.278141 -3.247129 3.445784 0.409099 -12.483132 0.000000 0.000000 0.000000 -60.155511 17.181122 -24.332805 137.163449 2.191914 -8.142735 -1.419736 -1.358585 14.868748 0.000000 0.000000 0.000000 33.651823 2.457418 5.738389 6.205258 -0.276372 2.217802 6.192345 -0.395447 2.304096 3.007836 -3.389403 3.985582 0.000000 0.000000 0.000000 0.892279 -9.056594 -5.061909 1.070402 5.624146 -39.428875 0.000017 -78.284855 0.000021 0.000000 0.000000 0.000000 -2.549143 22.274461 13.466606 -10.396971 66.648788 21.005062 179.999892 87.015983 -179.999841 0.000000 0.000000 0.000000 
-4.748775 40.193245 -25.707703 18.200467 7.094121 18.812684 -128.755254 -2.312604 13.157854 110.614640 -0.302653 -3.244002 3.529173 0.400964 -12.364616 0.000000 0.000000 0.000000 -59.970830 16.909127 -24.440985 137.115242 2.144528 -8.199762 -1.505279 -1.369117 14.825481 0.000000 0.000000 0.000000 33.566452 2.433760 5.728637 6.171336 -0.270250 2.175235 6.159063 -0.385101 2.258712 3.096609 -3.410682 4.036483 0.000000 0.000000 0.000000 0.923990 -9.462067 -4.763638 1.129913 5.500467 -39.407897 0.000045 -78.394767 0.000048 0.000000 0.000000 0.000000 -2.910851 24.501367 13.090019 2.742840 70.413622 7.928553 179.999793 86.015026 -179.999743 0.000000 0.000000 0.000000 
-4.717882 40.197594 -25.712864 18.092865 7.182716 18.727793 -128.790334 -2.207898 13.102781 110.580011 -0.333287 -3.240295 3.638002 0.391457 -12.211653 0.000000 0.000000 0.000000 -59.794003 16.577400 -24.567612 137.070026 2.084592 -8.281918 -1.608114 -1.390659 14.777422 0.000000 0.000000 0.000000 33.531697 2.525831 5.693722 6.153675 -0.226629 2.115014 6.143117 -0.335749 2.192455 3.190025 -3.472103 4.156120 0.000000 0.000000 0.000000 0.965818 -9.892184 -4.368609 1.135532 5.028126 -39.341804 -0.000008 -78.406139 0.000009 0.000000 0.000000 0.000000 -3.213655 27.212426 12.495395 16.340422 73.086002 -5.959031 179.999637 87.397777 -179.999549 0.000000 0.000000 0.000000 
-4.678112 40.195663 -25.720139 17.992168 7.296532 18.629582 -128.866873 -2.074683 13.044916 110.539775 -0.368349 -3.236099 3.773291 0.380312 -12.023045 0.000000 0.000000 0.000000 -59.652447 16.127721 -24.703606 137.029810 1.971574 -8.427777 -1.730026 -1.429472 14.722806 0.000000 0.000000 0.000000 33.565694 2.802291 5.625023 6.172882 -0.148289 2.110453 6.164360 -0.258368 2.182651 3.227203 -3.539997 4.299662 0.000000 0.000000 0.000000 0.986305 -10.136584 -4.209702 0.866504 4.110442 -39.101078 0.000018 -78.349489 0.000022 0.000000 0.000000 0.000000 -3.320095 29.214597 11.678702 26.508835 75.209317 -16.083755 179.998758 89.163006 -179.998673 0.000000 0.000000 0.000000 
-4.628481 40.186974 -25.729456 17.899769 7.438027 18.518134 -128.987112 -1.910083 12.983298 110.493111 -0.407245 -3.230916 3.936203 0.367490 -11.798037 0.000000 0.000000 0.000000 -59.549646 15.551589 -24.852036 136.995358 1.795484 -8.644284 -1.876951 -1.481001 14.662423 0.000000 0.000000 0.000000 33.552430 3.158856 5.544016 6.186009 -0.061754 2.153587 6.179351 -0.178308 2.222321 3.284306 -3.579161 4.474329 0.000000 0.000000 0.000000 1.000028 -10.355030 -4.130784 0.539629 3.285398 -38.941702 0.000020 -78.403339 0.000041 0.000000 0.000000 0.000000 -3.342831 30.471058 11.012954 35.781975 76.599848 -25.345963 0.000238 88.935272 -0.000525 0.000000 0.000000 0.000000 
-4.570541 40.169624 -25.741074 17.817211 7.609794 18.393899 -129.155544 -1.712915 12.917800 110.438620 -0.450461 -3.225137 4.131065 0.353141 -11.536236 0.000000 0.000000 0.000000 -59.428622 14.968281 -25.041763 136.967040 1.652951 -8.855183 -2.054842 -1.538501 14.602765 0.000000 0.000000 0.000000 33.522394 3.436818 5.488088 6.193117 -0.000856 2.205203 6.187681 -0.124295 2.272453 3.379134 -3.570333 4.681887 0.000000 0.000000 0.000000 1.023659 -10.492682 -3.894878 0.378510 2.750200 -39.054540 0.000050 -78.534635 0.000041 0.000000 0.000000 0.000000 -3.397788 31.041202 10.793586 44.261596 76.855146 -33.918378 0.000095 87.787711 -0.000179 0.000000 0.000000 0.000000 
-4.467817 40.127663 -25.769886 17.729062 7.888581 18.156244 -129.518815 -1.407407 12.835512 110.361288 -0.533873 -3.218406 4.482574 0.330924 -11.074225 0.000000 0.000000 0.000000 -59.117712 14.442551 -25.391442 136.915786 1.757204 -8.929099 -2.311627 -1.599750 14.536499 0.000000 0.000000 0.000000 33.554530 3.595318 5.510817 6.220345 0.021678 2.260526 6.215283 -0.107046 2.328639 3.482316 -3.527653 4.842202 0.000000 0.000000 0.000000 1.033131 -10.396908 -3.724605 0.333819 2.326439 -39.184874 0.000005 -78.618291 0.000002 0.000000 0.000000 0.000000 -3.435971 30.991150 10.858425 50.310309 76.006379 -40.003069 0.000007 88.313581 -0.000166 0.000000 0.000000 0.000000 
-4.311758 40.084084 -25.795557 17.489510 8.103960 17.806097 -129.892617 -1.114868 12.763823 110.393349 -0.633905 -3.233094 4.876633 0.309756 -10.436087 0.000000 0.000000 0.000000 -58.586248 13.843805 -25.736204 136.805096 1.946246 -9.015373 -2.564202 -1.651744 14.480590 0.000000 0.000000 0.000000 33.655498 3.634407 5.586203 6.268880 0.013797 2.301526 6.263733 -0.117219 2.371641 3.574992 -3.476093 4.882810 0.000000 0.000000 0.000000 1.018199 -10.218266 -3.834759 0.275596 2.095993 -39.087120 0.000009 -78.685507 0.000026 0.000000 0.000000 0.000000 -3.382179 30.464321 10.985462 50.459645 74.727795 -39.818722 179.999759 89.631427 -179.999161 0.000000 0.000000 0.000000 
-4.067762 40.029976 -25.795988 17.316251 8.254620 17.483389 -130.361428 -0.662059 12.655909 110.553654 -0.582647 -3.131664 5.154934 0.296909 -9.803473 0.000000 0.000000 0.000000 -58.086668 13.489451 -26.145117 136.689079 2.347561 -9.130812 -2.754487 -1.706750 14.482200 0.000000 0.000000 0.000000 33.691356 3.473436 5.579723 6.297565 -0.029254 2.291277 6.291645 -0.158436 2.363729 3.613485 -3.410527 4.832399 0.000000 0.000000 0.000000 0.996038 -10.171227 -4.126856 0.133520 2.224475 -38.857366 -0.000006 -78.745852 -0.000009 0.000000 0.000000 0.000000 -3.242827 29.346027 11.224180 41.943218 73.867280 -30.152085 179.999927 86.127752 -179.999895 0.000000 0.000000 0.000000 
-3.805574 39.982597 -25.805698 17.176208 8.390335 17.177791 -130.852436 0.021513 12.375422 110.735849 -0.185905 -2.694971 5.384955 0.283484 -9.433386 0.000000 0.000000 0.000000 -57.635718 13.312122 -26.561600 136.568553 2.863277 -9.209789 -2.860484 -1.755463 14.516594 0.000000 0.000000 0.000000 33.694252 3.234057 5.542907 6.316087 -0.085217 2.262353 6.309125 -0.211155 2.337312 3.631034 -3.339672 4.753528 0.000000 0.000000 0.000000 0.977205 -10.224217 -4.422084 -0.021661 2.613606 -38.713693 0.000027 -78.744903 0.000042 0.000000 0.000000 0.000000 -3.064691 28.014497 11.501701 31.322964 72.596721 -18.159386 179.999927 82.110678 -179.999898 0.000000 0.000000 0.000000 
-3.524529 39.952408 -25.824972 17.052517 8.498950 16.879593 -131.375383 0.885409 11.990246 111.025770 0.884288 -1.997344 5.593545 0.233246 -9.048826 0.000000 0.000000 0.000000 -57.259894 13.232404 -26.927377 136.422906 3.397582 -9.300155 -2.853932 -1.786849 14.604112 0.000000 0.000000 0.000000 33.676685 2.932438 5.458116 6.330963 -0.147630 2.213412 6.322943 -0.269006 2.290628 3.634136 -3.258893 4.659854 0.000000 0.000000 0.000000 0.965809 -10.125597 -4.539170 -0.022152 3.041947 -38.818649 0.000001 -78.779853 0.000026 0.000000 0.000000 0.000000 -2.870926 26.546206 11.877028 20.148488 70.489096 -5.476490 179.999910 77.801669 -179.999911 0.000000 0.000000 0.000000 
-3.218597 39.929146 -25.833673 16.930989 8.559785 16.576353 -131.917727 1.876842 11.763758 111.392100 2.092292 -1.279102 5.733333 0.185177 -8.422840 0.000000 0.000000 0.000000 -56.815317 13.335487 -27.286558 136.239543 4.066993 -9.329744 -2.798390 -1.805350 14.739572 0.000000 0.000000 0.000000 33.650815 2.593517 5.304497 6.348787 -0.210028 2.143146 6.339900 -0.325612 2.221935 3.624908 -3.163580 4.565071 0.000000 0.000000 0.000000 0.956608 -9.693445 -4.471061 0.063270 3.319435 -39.112737 0.000013 -78.910268 0.000023 0.000000 0.000000 0.000000 -2.679338 25.019343 12.409828 10.033775 67.324300 6.204788 179.999972 73.421981 -179.999978 0.000000 0.000000 0.000000 
-2.835125 39.907410 -25.784090 16.785774 8.504833 16.255261 -132.490370 3.080648 12.096853 111.922027 2.888529 -0.752274 5.652605 0.181378 -7.169563 0.000000 0.000000 0.000000 -56.170530 13.614164 -27.675423 135.971322 4.932295 -9.353884 -2.744666 -1.817217 14.941191 0.000000 0.000000 0.000000 33.612119 2.196046 4.983330 6.375524 -0.268073 2.025325 6.366329 -0.375426 2.104003 3.612598 -3.034657 4.473681 0.000000 0.000000 0.000000 0.944644 -9.052560 -4.329385 0.097433 3.332915 -39.404003 -0.000026 -79.081412 0.000026 0.000000 0.000000 0.000000 -2.498603 23.396084 13.297263 0.296177 62.488847 17.716095 -179.999989 69.081341 179.999994 0.000000 0.000000 0.000000 
-2.345173 39.944168 -25.651737 16.394366 8.490630 15.937775 -132.851633 4.814477 13.104948 112.477165 2.927374 -0.515488 5.319564 0.158936 -4.974411 0.000000 0.000000 0.000000 -54.844377 13.761622 -28.452510 135.500817 6.060943 -9.408595 -2.880891 -1.859949 15.119030 0.000000 0.000000 0.000000 33.590157 1.841743 4.543539 6.394570 -0.315686 1.899763 6.385377 -0.418031 1.978462 3.640058 -2.900498 4.350719 0.000000 0.000000 0.000000 0.933320 -8.635446 -4.284331 0.086720 3.314508 -39.481348 -0.000022 -79.287506 -0.000029 0.000000 0.000000 0.000000 -2.180556 21.670215 13.943680 -9.243383 55.779290 29.205735 179.999984 66.035685 -179.999982 0.000000 0.000000 0.000000 
-1.781456 40.092903 -25.458641 15.695087 8.550877 15.641022 -132.781528 6.937790 14.412816 112.963085 2.526484 -0.454581 4.765275 0.129617 -2.261170 0.000000 0.000000 0.000000 -52.924117 13.617744 -29.527622 134.760671 7.268196 -9.532989 -3.067692 -1.903849 15.270363 0.000000 0.000000 0.000000 33.630236 1.493136 4.033784 6.396493 -0.375127 1.799760 6.387437 -0.478590 1.881599 3.730094 -2.785196 4.118935 0.000000 0.000000 0.000000 0.917028 -8.622387 -4.566805 -0.044599 3.470679 -39.190997 0.000055 -79.540708 0.000090 0.000000 0.000000 0.000000 -1.669983 19.785366 13.821666 -16.649884 47.771463 38.546278 -179.999997 64.794352 179.999998 0.000000 0.000000 0.000000 
-1.156948 40.463364 -25.216589 14.922806 8.771950 15.261752 -132.244852 9.339076 15.481100 113.224995 2.181463 -0.382637 3.960864 0.099198 0.566367 0.000000 0.000000 0.000000 -50.805983 13.223518 -30.680462 133.513956 8.448007 -9.584732 -2.920248 -1.856474 15.451568 0.000000 0.000000 0.000000 33.574369 1.146560 3.331496 6.380781 -0.413769 1.660170 6.372567 -0.516904 1.742467 3.824323 -2.699953 3.869400 0.000000 0.000000 0.000000 0.904767 -8.671954 -4.808270 -0.271905 3.422172 -38.925036 0.000008 -79.689702 0.000011 0.000000 0.000000 0.000000 -1.171215 17.922630 13.632834 -20.877255 38.965546 44.243742 179.999930 65.049911 -179.999931 0.000000 0.000000 0.000000 
-0.565964 41.093666 -24.944469 14.513548 8.752198 14.621601 -131.449053 11.285633 16.318155 113.404479 1.962124 -0.284935 2.737807 0.028144 3.046950 0.000000 0.000000 0.000000 -49.464247 12.607569 -30.979143 131.920651 9.175591 -9.717037 -2.515546 -1.836436 15.802855 0.000000 0.000000 0.000000 33.307807 1.096013 2.315226 6.344922 -0.335884 1.482928 6.339772 -0.441042 1.557349 3.827086 -2.639466 3.661753 0.000000 0.000000 0.000000 0.895925 -8.562219 -4.910953 -0.580549 2.944000 -38.863414 0.000018 -79.527403 -0.000011 0.000000 0.000000 0.000000 -0.739586 16.286963 13.593308 -22.816467 30.213157 46.809718 179.999983 66.966578 -179.999979 0.000000 0.000000 0.000000 
0.058773 42.085220 -24.650402 14.298286 8.396650 13.696037 -130.068262 12.823909 16.792747 113.455207 2.001520 -0.156671 0.971709 -0.129658 5.209597 0.000000 0.000000 0.000000 -48.176442 11.705894 -30.343764 129.984196 9.418456 -9.750001 -2.857478 -2.171127 16.213723 0.000000 0.000000 0.000000 33.096904 1.376477 1.088053 6.310366 -0.157623 1.316327 6.309502 -0.271875 1.378252 3.691392 -2.566488 3.393150 0.000000 0.000000 0.000000 0.868400 -8.355953 -5.316696 -1.030653 2.519886 -38.620929 -0.000039 -79.235406 -0.000047 0.000000 0.000000 0.000000 -0.332640 14.788679 13.304543 -23.997895 22.601977 47.759948 179.999934 70.677898 -179.999937 0.000000 0.000000 0.000000 
0.882553 43.358116 -24.304737 14.057906 8.083950 12.806312 -127.922777 14.716944 16.743637 113.210795 2.415141 0.029040 -1.284614 -0.399150 7.236836 0.000000 0.000000 0.000000 -45.640075 10.967849 -29.207282 127.316065 8.654573 -8.842307 -4.337868 -2.673603 16.285488 0.000000 0.000000 0.000000 32.936692 1.586296 -0.220559 6.272071 0.008628 1.118968 6.274689 -0.113484 1.168661 3.506618 -2.472615 3.061973 0.000000 0.000000 0.000000 0.829597 -8.081400 -5.931343 -1.519718 2.499740 -38.083420 0.000014 -79.203536 0.000041 0.000000 0.000000 0.000000 0.001515 13.488984 12.968533 -24.974995 16.723715 47.769168 179.999944 76.068775 -179.999946 0.000000 0.000000 0.000000 
1.784882 44.598473 -23.867653 14.079950 8.218074 12.307301 -125.606045 17.150929 16.375624 112.617088 2.835340 0.224443 -3.631408 -0.716893 9.033624 0.000000 0.000000 0.000000 -42.183050 12.081558 -28.214577 123.873335 7.550415 -6.008686 -4.986950 -2.827249 16.144161 0.000000 0.000000 0.000000 32.427604 1.473788 -1.615496 6.194444 0.105252 0.854495 6.198930 -0.017458 0.893780 3.382410 -2.384022 2.754127 0.000000 0.000000 0.000000 0.795345 -7.836618 -6.479426 -2.002046 2.904771 -37.530349 0.000080 -79.604065 0.000085 0.000000 0.000000 0.000000 0.224187 12.654543 12.744250 -25.351002 12.927238 46.970053 179.999863 83.171980 -179.999819 0.000000 0.000000 0.000000 
2.750443 45.935341 -23.348492 14.537392 8.714295 12.122968 -122.994304 20.022852 15.635420 111.499512 3.176527 0.412697 -6.106574 -1.075342 10.630085 0.000000 0.000000 0.000000 -38.329034 14.147960 -27.533526 120.309643 5.888862 -2.200784 -5.979834 -2.879785 16.117387 0.000000 0.000000 0.000000 31.542350 1.224333 -2.956136 6.083389 0.162167 0.554434 6.088303 0.044604 0.583976 3.305059 -2.313862 2.527331 0.000000 0.000000 0.000000 0.770336 -7.682299 -6.915179 -2.638742 3.505432 -37.299076 -0.000024 -80.161217 -0.000010 0.000000 0.000000 0.000000 0.329879 12.486453 12.569410 -24.915709 10.681535 45.634365 0.001214 88.798142 -0.001348 0.000000 0.000000 0.000000 
3.743187 47.665932 -22.778427 15.107835 9.164695 11.879312 -119.423781 22.681081 14.352130 109.752520 3.418623 0.579930 -8.769337 -1.466233 11.910188 0.000000 0.000000 0.000000 -34.257920 15.155611 -26.685039 117.082351 3.133745 0.862792 -9.266218 -3.103411 16.499881 0.000000 0.000000 0.000000 30.851022 1.083615 -4.071730 5.995137 0.227085 0.262284 5.999693 0.117011 0.281226 3.205980 -2.247420 2.358533 0.000000 0.000000 0.000000 0.754024 -7.495706 -7.210797 -3.431178 3.758669 -37.460056 -0.000080 -80.438544 -0.000079 0.000000 0.000000 0.000000 0.340955 12.901305 12.634825 -24.255486 9.414988 43.887302 0.000090 80.384749 -0.000115 0.000000 0.000000 0.000000 
4.565899 49.827637 -22.176697 15.604334 9.335329 11.354295 -114.945827 24.408543 12.692795 107.429908 3.423618 0.714008 -11.325344 -1.816882 12.709074 0.000000 0.000000 0.000000 -30.614540 14.129157 -25.466065 114.528441 -0.272477 2.034397 -14.396258 -4.697834 17.479694 0.000000 0.000000 0.000000 30.691462 1.175379 -4.947725 5.967521 0.333220 0.028886 5.971447 0.227933 0.036351 3.081588 -2.181594 2.201783 0.000000 0.000000 0.000000 0.735809 -7.295717 -7.572222 -4.196797 3.503396 -37.650311 0.000079 -80.398403 0.000070 0.000000 0.000000 0.000000 0.282645 13.675277 13.010324 -23.613390 10.034684 41.832805 0.000038 70.868144 -0.000069 0.000000 0.000000 0.000000 
5.157328 52.100327 -21.640957 16.408334 9.155699 10.631746 -110.744489 25.121347 11.235787 104.791597 3.196386 0.795005 -13.417636 -2.046636 13.012239 0.000000 0.000000 0.000000 -28.695329 11.412237 -23.841412 111.265134 -1.479361 1.653020 -18.952395 -8.229222 17.217153 0.000000 0.000000 0.000000 30.403948 1.454155 -5.765454 5.928021 0.479368 -0.149457 5.931189 0.374897 -0.153883 2.965038 -2.131313 2.019102 0.000000 0.000000 0.000000 0.712678 -7.189442 -8.063562 -4.785248 2.961427 -37.697460 0.000094 -80.215941 0.000055 0.000000 0.000000 0.000000 0.242369 14.233876 13.257271 -22.618634 12.362528 40.323890 0.000048 60.698218 -0.000070 0.000000 0.000000 0.000000 
5.564434 54.364281 -21.154455 17.745316 8.963709 9.697456 -107.370055 25.333510 10.128354 101.843639 2.642437 0.855248 -14.864785 -2.183147 13.240101 0.000000 0.000000 0.000000 -27.783765 8.599809 -22.196706 107.039310 -1.200987 0.984363 -21.896658 -11.924339 16.375662 0.000000 0.000000 0.000000 29.592706 1.656513 -6.514596 5.815908 0.606045 -0.338231 5.817323 0.506819 -0.354020 2.876094 -2.087086 1.914341 0.000000 0.000000 0.000000 0.704338 -7.087731 -8.335723 -5.002127 2.406777 -37.920391 -0.000005 -80.110100 0.000042 0.000000 0.000000 0.000000 0.197480 14.739055 13.563269 -21.297431 14.901164 39.518146 0.000006 51.388544 -0.000042 0.000000 0.000000 0.000000 
5.873883 56.714142 -20.632732 19.135589 8.814580 8.703966 -104.081189 25.311880 9.168805 98.554924 1.834037 0.896013 -15.895969 -2.261561 13.388203 0.000000 0.000000 0.000000 -26.652836 6.150972 -20.898092 101.933982 -0.992810 0.410897 -23.960672 -13.966700 15.743451 0.000000 0.000000 0.000000 28.585735 1.669300 -7.079338 5.668455 0.669638 -0.516936 5.667530 0.579132 -0.540288 2.811939 -2.038096 1.892554 0.000000 0.000000 0.000000 0.707802 -6.955950 -8.462820 -4.960556 1.948733 -38.266715 0.000060 -80.143145 0.000057 0.000000 0.000000 0.000000 0.122750 15.369133 14.060502 -20.109549 17.265340 39.202970 0.000006 42.518413 -0.000010 0.000000 0.000000 0.000000 
6.100423 59.200928 -20.028057 20.437731 8.808269 7.592486 -100.669530 25.155109 8.297027 94.881300 0.727961 0.933834 -16.521295 -2.315586 13.568639 0.000000 0.000000 0.000000 -25.721435 3.735128 -19.597249 96.111137 -1.012541 0.029077 -24.199055 -15.195113 14.841743 0.000000 0.000000 0.000000 27.557131 1.709476 -7.485840 5.509152 0.719651 -0.628238 5.506592 0.634793 -0.655902 2.706733 -2.001471 1.845741 0.000000 0.000000 0.000000 0.686772 -6.842323 -8.752348 -4.954465 1.329706 -38.360391 0.000047 -80.038875 0.000080 0.000000 0.000000 0.000000 0.041100 16.002343 14.580832 -19.040570 19.367363 39.354399 -0.000003 33.875641 0.000001 0.000000 0.000000 0.000000 
6.218020 61.733665 -19.375774 21.829141 8.739614 6.483582 -97.429548 24.859727 7.676655 90.928287 -0.501331 0.961251 -16.816911 -2.336418 13.617404 0.000000 0.000000 0.000000 -25.550066 1.770477 -18.131027 90.077307 -0.782098 -0.246673 -21.903326 -16.694254 14.292503 0.000000 0.000000 0.000000 26.473588 1.933691 -7.899023 5.339365 0.815441 -0.699615 5.335632 0.732724 -0.732267 2.504519 -1.982022 1.767843 0.000000 0.000000 0.000000 0.669395 -6.697348 -9.080224 -5.049417 0.308648 -38.292773 0.000030 -79.712454 0.000014 0.000000 0.000000 0.000000 -0.057931 16.615574 15.222784 -17.509784 20.344359 39.567662 0.000017 27.466113 -0.000016 0.000000 0.000000 0.000000 
6.251526 64.308449 -18.709011 22.878508 8.662460 5.615329 -93.844538 24.591833 7.072713 86.617003 -1.685965 0.971203 -16.771801 -2.330080 13.474797 0.000000 0.000000 0.000000 -26.665473 0.940782 -17.189781 84.165040 -0.368014 -0.404325 -14.689775 -16.781300 14.589245 0.000000 0.000000 0.000000 25.675164 2.257520 -8.376280 5.210327 0.951470 -0.758015 5.205622 0.868583 -0.797278 2.247726 -1.989691 1.691712 0.000000 0.000000 0.000000 0.657862 -6.578285 -9.413916 -5.186469 -1.112795 -38.106203 -0.000089 -79.326411 -0.000075 0.000000 0.000000 0.000000 -0.184542 17.221571 16.007549 -15.399102 19.849156 39.570506 -0.000002 24.443328 -0.000003 0.000000 0.000000 0.000000 
6.201170 66.798325 -18.062222 23.359141 8.493920 5.041465 -89.912433 24.246707 6.453236 82.241037 -2.558520 0.962652 -16.499763 -2.318851 13.042618 0.000000 0.000000 0.000000 -28.878351 1.070306 -16.866638 78.218766 -0.379903 -0.504300 -2.714448 -13.799648 15.270370 0.000000 0.000000 0.000000 25.116972 2.641694 -8.808123 5.115643 1.116126 -0.793261 5.110305 1.032304 -0.840169 2.063470 -2.029573 1.612724 0.000000 0.000000 0.000000 0.642435 -6.571056 -9.790729 -5.224598 -2.786959 -37.725556 0.000016 -78.923772 0.000034 0.000000 0.000000 0.000000 -0.309241 17.656348 16.778450 -13.251673 18.366705 39.685687 0.000009 23.865996 -0.000019 0.000000 0.000000 0.000000 
6.152174 69.159019 -17.331665 23.864589 8.052346 4.368862 -86.330449 23.584734 6.078571 78.135520 -3.058208 0.944681 -16.324253 -2.346171 12.353843 0.000000 0.000000 0.000000 -31.991226 1.716906 -16.811833 75.652774 -1.421224 -0.369395 5.392215 -9.511750 15.213616 0.000000 0.000000 0.000000 24.430414 3.129418 -8.882402 4.994481 1.284253 -0.781546 4.989347 1.201529 -0.835473 2.002888 -2.051611 1.515954 0.000000 0.000000 0.000000 0.632196 -6.629208 -10.017759 -4.935868 -4.213264 -37.514899 -0.000001 -78.451000 0.000008 0.000000 0.000000 0.000000 -0.406701 17.809991 17.462051 -11.542209 16.863242 40.133181 0.000005 23.928127 -0.000029 0.000000 0.000000 0.000000 
6.277798 71.999313 -16.349819 23.905288 7.214498 3.537436 -81.538675 22.598794 5.589669 73.265595 -3.088293 0.923177 -16.244186 -2.411852 11.485258 0.000000 0.000000 0.000000 -34.216676 1.988837 -16.410602 76.028297 -2.075772 -0.277777 4.759477 -8.059079 14.609013 0.000000 0.000000 0.000000 23.821760 3.543151 -8.479438 4.872054 1.389400 -0.726052 4.867872 1.309413 -0.783585 1.928236 -1.994757 1.403504 0.000000 0.000000 0.000000 0.625306 -6.623015 -10.191204 -4.472450 -4.977974 -37.505098 0.000010 -77.989552 0.000049 0.000000 0.000000 0.000000 -0.494241 17.841205 18.134733 -10.437628 16.314175 40.636439 0.000020 23.152434 -0.000019 0.000000 0.000000 0.000000 
6.440166 74.760429 -15.453991 23.536613 6.254176 2.839750 -76.527584 21.543530 5.091521 68.223392 -2.738003 0.897721 -15.885488 -2.412594 10.474952 0.000000 0.000000 0.000000 -36.710904 1.893833 -15.733897 76.440124 -0.409142 -0.188008 3.568929 -11.945670 13.678635 0.000000 0.000000 0.000000 23.536458 3.640574 -7.944902 4.799505 1.405019 -0.663617 4.796237 1.329132 -0.721182 1.733805 -1.882969 1.323762 0.000000 0.000000 0.000000 0.620410 -6.464258 -10.388611 -4.216064 -5.170320 -37.606998 -0.000006 -77.712765 0.000033 0.000000 0.000000 0.000000 -0.592734 17.915298 18.858173 -10.118253 16.397208 41.028929 0.000007 21.715482 -0.000004 0.000000 0.000000 0.000000 
6.642545 77.452408 -14.553326 23.122735 5.032204 2.228391 -71.525536 20.435825 4.663271 63.009950 -1.936639 0.875881 -15.395243 -2.375667 9.385934 0.000000 0.000000 0.000000 -39.782423 1.407242 -14.702399 76.653417 1.630713 -0.287829 1.253052 -18.327329 11.674861 0.000000 0.000000 0.000000 23.110145 3.606458 -7.209791 4.721002 1.367210 -0.582753 4.718918 1.298216 -0.637861 1.474701 -1.758608 1.278238 0.000000 0.000000 0.000000 0.618556 -6.170284 -10.591100 -4.038323 -5.175754 -37.827924 -0.000020 -77.488899 -0.000005 0.000000 0.000000 0.000000 -0.676713 18.001978 19.450376 -10.628779 16.335833 41.686717 0.000022 19.900309 -0.000022 0.000000 0.000000 0.000000 
6.815332 79.886246 -13.727962 22.789995 3.795372 1.575649 -67.055888 19.287399 4.441853 58.017054 -0.984695 0.852231 -14.711906 -2.309196 8.325831 0.000000 0.000000 0.000000 -42.794769 0.992875 -14.051846 75.937838 2.239824 -0.316162 -2.023297 -20.995826 9.899207 0.000000 0.000000 0.000000 22.390347 3.553065 -6.215432 4.593608 1.305518 -0.458801 4.593361 1.243828 -0.509324 1.249109 -1.623653 1.207526 0.000000 0.000000 0.000000 0.615781 -5.916622 -10.830914 -3.614737 -5.082631 -38.013356 0.000004 -77.232958 0.000004 0.000000 0.000000 0.000000 -0.731618 18.121231 19.793468 -11.424748 16.080678 42.718322 0.000000 17.715154 0.000008 0.000000 0.000000 0.000000 
6.833223 82.055923 -12.888882 22.004559 2.479140 1.057601 -62.526441 18.025863 4.443863 53.505967 0.238327 0.820882 -14.119475 -2.203480 7.088746 0.000000 0.000000 0.000000 -44.467646 0.922615 -14.277997 73.601804 2.613182 -0.412754 -4.975478 -19.938763 11.010015 0.000000 0.000000 0.000000 21.712010 3.350122 -5.126466 4.457851 1.197333 -0.299691 4.459659 1.141550 -0.342899 1.104190 -1.460613 1.094531 0.000000 0.000000 0.000000 0.605867 -5.884505 -11.135032 -2.870406 -4.761701 -37.994580 0.000001 -77.085249 0.000005 0.000000 0.000000 0.000000 -0.769668 18.285246 19.971241 -11.962482 15.985974 43.784193 0.000001 15.359118 -0.000018 0.000000 0.000000 0.000000 
6.880981 84.057320 -12.012741 21.012640 1.336864 0.670571 -57.800250 16.890976 4.260101 48.995624 1.577533 0.796435 -13.426116 -2.113299 5.994940 0.000000 0.000000 0.000000 -45.247555 0.669443 -14.067846 69.364225 1.608428 -0.533864 -6.437908 -17.869093 10.706573 0.000000 0.000000 0.000000 21.075616 3.008954 -4.068167 4.327555 1.051726 -0.144236 4.330940 1.001822 -0.178741 0.985848 -1.285834 0.978603 0.000000 0.000000 0.000000 0.594669 -5.872395 -11.451289 -1.946847 -4.451336 -37.838309 0.000027 -77.058201 0.000010 0.000000 0.000000 0.000000 -0.795686 18.306488 20.154065 -12.299887 16.057732 44.756208 -0.000006 13.015539 -0.000009 0.000000 0.000000 0.000000 
6.868096 85.734673 -11.149475 19.888602 0.223849 0.523215 -53.212102 15.831880 4.010664 44.941620 3.121491 0.766421 -12.840786 -2.008493 4.893556 0.000000 0.000000 0.000000 -44.990497 0.382557 -13.589274 64.112322 0.719136 -0.999177 -7.162041 -15.710697 10.633274 0.000000 0.000000 0.000000 20.327657 2.613875 -3.156440 4.183608 0.897995 -0.027141 4.187573 0.854618 -0.053358 0.862675 -1.125027 0.899905 0.000000 0.000000 0.000000 0.587944 -5.732138 -11.771063 -1.189661 -4.115087 -37.784552 0.000016 -77.140443 0.000017 0.000000 0.000000 0.000000 -0.808973 18.062350 20.435602 -12.486633 16.117385 45.665050 0.000005 10.700121 0.000009 0.000000 0.000000 0.000000 
6.758116 87.095642 -10.245350 18.819784 -0.812463 0.394465 -49.094857 14.761176 3.901728 41.580593 4.686451 0.732436 -12.486400 -1.897088 3.807376 0.000000 0.000000 0.000000 -44.024339 0.051220 -12.958286 58.184285 -0.346759 -1.501518 -7.764538 -13.286420 10.792573 0.000000 0.000000 0.000000 19.320493 2.313147 -2.360874 4.008219 0.774531 0.072830 4.012485 0.736974 0.053482 0.796804 -0.986542 0.876260 0.000000 0.000000 0.000000 0.581021 -5.487969 -12.227273 -0.811337 -3.567391 -37.894839 0.000008 -77.199340 0.000013 0.000000 0.000000 0.000000 -0.827954 17.887354 20.718926 -12.435088 15.745498 46.589335 0.000001 8.469324 -0.000001 0.000000 0.000000 0.000000 
6.508975 88.194084 -9.236752 17.473055 -1.829138 0.200222 -45.134348 13.636837 4.063558 39.121589 6.262420 0.695533 -12.565484 -1.769888 2.652604 0.000000 0.000000 0.000000 -41.956841 -0.303484 -12.110239 51.652343 -1.492372 -1.982448 -8.219637 -10.782283 11.128642 0.000000 0.000000 0.000000 18.239412 2.123249 -1.626258 3.838137 0.683072 0.176045 3.842890 0.649840 0.162122 0.796001 -0.862510 0.877634 0.000000 0.000000 0.000000 0.582605 -5.025572 -12.748277 -0.711746 -3.150248 -38.154072 0.000038 -76.926385 0.000029 0.000000 0.000000 0.000000 -0.849699 17.801341 20.956636 -12.081988 14.919650 47.471013 -0.000008 6.573080 -0.000001 0.000000 0.000000 0.000000 
6.074826 88.988762 -8.135828 15.755185 -2.551862 -0.022033 -41.306310 12.517716 4.396130 37.652190 7.578344 0.658808 -13.056254 -1.608394 1.402435 0.000000 0.000000 0.000000 -38.900530 -0.670095 -11.275651 45.130547 -2.677992 -2.362107 -8.731666 -8.420867 11.583439 0.000000 0.000000 0.000000 17.284782 1.926804 -0.990023 3.679661 0.592625 0.273256 3.684694 0.562562 0.264474 0.818562 -0.766401 0.862196 0.000000 0.000000 0.000000 0.601662 -4.333059 -13.163164 -0.584877 -3.181509 -38.488673 -0.000046 -76.354350 -0.000037 0.000000 0.000000 0.000000 -0.849812 17.523970 21.184493 -11.499839 13.775007 48.313483 0.000003 5.206006 0.000001 0.000000 0.000000 0.000000 
5.561417 89.613449 -7.063473 14.063238 -2.433297 -0.080835 -37.643867 11.585967 4.362189 36.075198 8.179259 0.640714 -13.211450 -1.465996 0.438338 0.000000 0.000000 0.000000 -35.479192 -1.735270 -11.085099 38.860911 -3.531971 -2.711536 -9.226288 -6.280764 12.037901 0.000000 0.000000 0.000000 16.319835 1.549554 -0.504386 3.480144 0.458124 0.345536 3.484749 0.431240 0.343426 0.876023 -0.713997 0.831848 0.000000 0.000000 0.000000 0.621547 -3.766797 -13.473094 -0.205923 -3.487800 -38.689986 0.000053 -75.819840 0.000054 0.000000 0.000000 0.000000 -0.824812 16.977128 21.447639 -10.634249 12.272778 49.111570 -0.000001 4.492980 0.000001 0.000000 0.000000 0.000000 
4.955222 90.073555 -5.991829 12.461042 -1.448733 0.130721 -34.199737 10.812169 3.949637 34.330037 8.013677 0.640424 -13.021686 -1.351371 -0.260728 0.000000 0.000000 0.000000 -32.210486 -3.876855 -11.655387 33.577019 -3.673686 -3.005357 -9.902791 -4.460937 12.351357 0.000000 0.000000 0.000000 15.280141 0.979773 -0.189895 3.246623 0.280691 0.371669 3.250060 0.257888 0.376922 0.900423 -0.695932 0.776694 0.000000 0.000000 0.000000 0.623191 -3.637121 -13.750848 0.357402 -3.839358 -38.602139 -0.000038 -75.322356 -0.000009 0.000000 0.000000 0.000000 -0.768117 16.194414 21.676999 -9.551833 10.472087 49.967465 -0.000001 4.344867 -0.000010 0.000000 0.000000 0.000000 
4.314963 90.441116 -4.968513 10.934024 0.219074 0.687996 -30.837262 10.178824 3.143712 32.157422 7.213943 0.649228 -12.383204 -1.260251 -0.722743 0.000000 0.000000 0.000000 -29.259246 -5.866965 -12.748630 29.806129 -3.987206 -3.034756 -10.643289 -3.227436 12.751039 0.000000 0.000000 0.000000 14.290355 0.331754 -0.054872 3.005815 0.094786 0.331178 3.007818 0.077582 0.342457 0.845639 -0.694027 0.668286 0.000000 0.000000 0.000000 0.610526 -3.781486 -14.049393 1.034572 -4.445153 -38.205496 -0.000013 -74.446808 0.000001 0.000000 0.000000 0.000000 -0.677057 15.269554 21.760283 -8.464582 8.541061 51.039866 -0.000006 4.367291 -0.000006 0.000000 0.000000 0.000000 
3.608396 90.864510 -3.977835 9.385520 2.122154 1.457058 -27.247288 9.587726 2.223122 29.284446 6.119743 0.657944 -11.272730 -1.168566 -1.109568 0.000000 0.000000 0.000000 -26.598507 -6.961278 -14.639201 28.163261 -4.449326 -1.545554 -10.414906 -2.668426 12.425963 0.000000 0.000000 0.000000 13.327331 -0.274439 -0.135903 2.760634 -0.066816 0.234782 2.761467 -0.078037 0.250129 0.762395 -0.695914 0.518209 0.000000 0.000000 0.000000 0.598552 -3.889412 -14.375525 1.846337 -5.352752 -37.674415 -0.000020 -73.182636 0.000012 0.000000 0.000000 0.000000 -0.580104 14.320883 21.811784 -7.312626 6.785620 52.210512 -0.000016 4.388923 -0.000010 0.000000 0.000000 0.000000 
2.793978 91.305107 -3.030778 7.937905 3.833202 2.167635 -23.805253 8.930061 1.635851 26.269761 5.072219 0.662063 -10.040725 -1.050143 -1.634083 0.000000 0.000000 0.000000 -24.038193 -7.432321 -16.265143 28.151330 -5.088150 0.422145 -10.187062 -2.636000 11.607725 0.000000 0.000000 0.000000 12.313111 -0.688638 -0.324761 2.542740 -0.169359 0.124679 2.542914 -0.175584 0.141997 0.702939 -0.706557 0.401028 0.000000 0.000000 0.000000 0.592886 -3.916130 -14.593242 2.825265 -6.136220 -37.310503 -0.000008 -72.028907 -0.000001 0.000000 0.000000 0.000000 -0.513716 13.474237 22.085219 -5.962528 5.522879 53.112306 0.000007 4.447825 0.000001 0.000000 0.000000 0.000000 
1.947392 91.744507 -2.092570 6.444276 4.931645 2.479980 -20.617821 8.150643 1.771959 23.905802 4.454055 0.660432 -9.259873 -0.892025 -2.401924 0.000000 0.000000 0.000000 -20.793879 -7.852272 -15.909018 27.829370 -6.156779 0.683423 -11.428847 -2.826388 11.292855 0.000000 0.000000 0.000000 11.416138 -0.834874 -0.427173 2.385792 -0.202072 0.052083 2.385708 -0.205213 0.069790 0.724095 -0.738541 0.371395 0.000000 0.000000 0.000000 0.597979 -3.813354 -14.657956 3.825686 -6.650419 -37.252825 0.000000 -71.083527 -0.000005 0.000000 0.000000 0.000000 -0.480965 12.894530 22.461306 -4.609870 4.662593 53.669260 -0.000000 4.477061 -0.000009 0.000000 0.000000 0.000000 
1.143753 92.175598 -1.185282 4.817676 5.624225 2.641629 -17.393024 7.393725 2.213669 21.843828 4.133254 0.655508 -8.729227 -0.718703 -3.239369 0.000000 0.000000 0.000000 -17.344569 -8.497043 -14.873090 26.818056 -7.028508 0.231578 -12.291728 -2.903407 11.167057 0.000000 0.000000 0.000000 10.733305 -0.920250 -0.484900 2.269682 -0.221599 0.021778 2.269493 -0.222975 0.039781 0.820877 -0.755299 0.393885 0.000000 0.000000 0.000000 0.611057 -3.567624 -14.731149 4.587452 -6.849789 -37.346125 0.000010 -70.199571 -0.000011 0.000000 0.000000 0.000000 -0.459349 12.572060 22.642087 -3.522745 4.040410 54.095361 -0.000009 4.465002 -0.000012 0.000000 0.000000 0.000000 
0.414124 92.582634 -0.332162 3.415858 6.214218 2.874704 -14.268230 6.773542 2.558349 19.482445 3.862434 0.652246 -8.033644 -0.559311 -3.993592 0.000000 0.000000 0.000000 -14.184202 -9.046151 -13.960630 25.649754 -7.829102 -0.139523 -12.945325 -2.926086 11.027399 0.000000 0.000000 0.000000 9.981030 -1.141809 -0.658563 2.133489 -0.276000 -0.016018 2.133202 -0.276220 0.003173 0.927177 -0.742308 0.413522 0.000000 0.000000 0.000000 0.623218 -3.314062 -14.862744 5.068926 -6.691139 -37.380280 0.000020 -69.460101 0.000029 0.000000 0.000000 0.000000 -0.411180 12.171917 22.608978 -2.650928 3.788450 54.540700 0.000003 4.530325 0.000009 0.000000 0.000000 0.000000 
-0.200616 92.883766 0.430133 2.396051 6.891211 3.176519 -11.687803 6.295441 2.759636 17.190432 3.454185 0.651866 -7.267916 -0.421683 -4.614945 0.000000 0.000000 0.000000 -11.643276 -9.459029 -13.267047 24.755162 -8.668229 -0.462137 -13.604997 -2.981785 10.986403 0.000000 0.000000 0.000000 9.006310 -1.423668 -0.916895 1.956447 -0.345758 -0.076686 1.956085 -0.344372 -0.056227 1.010957 -0.740334 0.417677 0.000000 0.000000 0.000000 0.629080 -3.219377 -14.932795 5.339741 -6.304159 -37.357815 0.000002 -68.968668 0.000025 0.000000 0.000000 0.000000 -0.314941 11.422219 22.474302 -1.888991 3.987495 54.974926 -0.000011 4.739492 -0.000013 0.000000 0.000000 0.000000 
-0.725972 93.068123 1.112586 1.537056 7.537442 3.352303 -9.761190 5.894230 3.102933 15.700498 2.994680 0.648614 -6.846956 -0.290206 -5.179756 0.000000 0.000000 0.000000 -9.421679 -9.742506 -12.544217 24.042724 -9.177702 -0.646102 -14.238716 -3.365475 10.836394 0.000000 0.000000 0.000000 8.073048 -1.689379 -1.083818 1.776968 -0.414978 -0.113388 1.776658 -0.412269 -0.091803 1.056013 -0.760324 0.409224 0.000000 0.000000 0.000000 0.630167 -3.219009 -14.941981 5.404216 -5.883123 -37.414117 -0.000016 -68.649159 -0.000006 0.000000 0.000000 0.000000 -0.206097 10.543198 22.347399 -1.385036 4.335896 55.136255 0.000010 5.021669 -0.000017 0.000000 0.000000 0.000000 
-1.126757 93.167801 1.676548 0.693709 7.990006 3.391020 -8.342190 5.601639 3.566639 15.119740 2.606961 0.644551 -6.863815 -0.160642 -5.650315 0.000000 0.000000 0.000000 -7.445903 -9.947025 -11.834332 23.453563 -9.132216 -0.684568 -14.757257 -4.057577 10.519752 0.000000 0.000000 0.000000 7.416405 -1.906617 -1.206310 1.625302 -0.471655 -0.117675 1.625098 -0.468481 -0.095166 1.043124 -0.781381 0.389512 0.000000 0.000000 0.000000 0.629560 -3.237137 -14.968066 5.284876 -5.505342 -37.636060 0.000025 -68.349191 0.000022 0.000000 0.000000 0.000000 -0.126113 9.844554 22.346048 -1.287279 4.425537 54.903632 0.000007 5.293255 -0.000015 0.000000 0.000000 0.000000 
-1.416926 93.238060 2.144046 -0.063301 8.116056 3.416533 -7.076494 5.508301 3.955729 14.777558 2.375747 0.643784 -7.038151 -0.032903 -6.012180 0.000000 0.000000 0.000000 -5.864267 -10.109642 -11.293389 22.975544 -9.191863 -0.773152 -15.118113 -4.266681 10.365303 0.000000 0.000000 0.000000 6.887131 -1.988079 -1.366951 1.487759 -0.489489 -0.125333 1.487570 -0.486081 -0.102432 1.006338 -0.802620 0.373271 0.000000 0.000000 0.000000 0.626425 -3.238933 -15.029456 5.104876 -5.311215 -37.941291 0.000034 -67.900331 0.000053 0.000000 0.000000 0.000000 -0.063710 9.273190 22.419408 -1.377403 4.373356 54.542616 -0.000007 5.553414 0.000013 0.000000 0.000000 0.000000 
-1.581271 93.266899 2.502612 -0.652696 7.777216 3.401503 -6.028642 5.604751 4.245608 14.751211 2.447515 0.640042 -7.439996 0.099894 -6.265359 0.000000 0.000000 0.000000 -4.886289 -10.220246 -10.975928 22.729504 -9.019941 -0.880871 -15.335226 -4.162726 10.281138 0.000000 0.000000 0.000000 6.422620 -1.808244 -1.487366 1.360664 -0.436292 -0.134618 1.360345 -0.432702 -0.112112 0.977112 -0.813443 0.366709 0.000000 0.000000 0.000000 0.632164 -3.118989 -15.202722 5.010570 -5.399905 -38.154236 -0.000002 -67.271831 0.000020 0.000000 0.000000 0.000000 -0.015859 8.841326 22.484395 -1.555725 4.383430 54.179000 0.000009 5.808238 0.000001 0.000000 0.000000 0.000000 
-1.706923 93.276520 2.827115 -1.186946 7.282209 3.347721 -5.083007 5.829281 4.526928 14.885530 2.561383 0.637642 -7.947065 0.229137 -6.474716 0.000000 0.000000 0.000000 -4.101645 -10.299545 -10.718813 22.566610 -8.812494 -0.991269 -15.506461 -3.927128 10.233390 0.000000 0.000000 0.000000 5.976169 -1.550190 -1.468558 1.246239 -0.365576 -0.120891 1.245791 -0.362028 -0.098789 0.969377 -0.803022 0.368625 0.000000 0.000000 0.000000 0.645956 -2.854479 -15.513465 5.017209 -5.464678 -38.271538 0.000002 -66.742997 0.000012 0.000000 0.000000 0.000000 0.021204 8.543131 22.439285 -1.729583 4.616966 53.891644 -0.000019 6.069891 0.000011 0.000000 0.000000 0.000000 
-1.788943 93.268623 3.110434 -1.673096 6.661583 3.255177 -4.242959 6.134712 4.789813 15.173830 2.734794 0.637011 -8.543042 0.353502 -6.643041 0.000000 0.000000 0.000000 -3.497565 -10.360039 -10.519685 22.484359 -8.503453 -1.101778 -15.633693 -3.644359 10.202177 0.000000 0.000000 0.000000 5.566634 -1.378807 -1.311668 1.167547 -0.322910 -0.078159 1.167103 -0.319836 -0.055915 0.992239 -0.765115 0.390768 0.000000 0.000000 0.000000 0.663466 -2.547651 -15.837979 5.015195 -5.190990 -38.388047 0.000019 -66.550153 -0.000000 0.000000 0.000000 0.000000 0.035434 8.495849 22.210590 -1.923846 5.154710 53.778567 -0.000005 6.356895 -0.000004 0.000000 0.000000 0.000000 
-1.838710 93.252205 3.359135 -2.140262 6.009074 3.132716 -3.482061 6.485504 5.041112 15.553837 2.903957 0.636583 -9.172887 0.474087 -6.776971 0.000000 0.000000 0.000000 -2.975839 -10.421062 -10.356212 22.436114 -8.152038 -1.198586 -15.730363 -3.345359 10.175098 0.000000 0.000000 0.000000 5.216653 -1.292508 -1.221955 1.124021 -0.302229 -0.050974 1.123624 -0.299585 -0.028383 1.027122 -0.731544 0.426018 0.000000 0.000000 0.000000 0.674895 -2.362271 -16.062238 4.895300 -4.750888 -38.494256 -0.000026 -66.481960 -0.000034 0.000000 0.000000 0.000000 0.039771 8.516174 22.029481 -2.210928 5.690573 53.737838 -0.000008 6.674241 -0.000003 0.000000 0.000000 0.000000 
-1.862130 93.232689 3.575235 -2.610004 5.396197 2.984651 -2.796660 6.846699 5.289388 16.004402 3.027874 0.636184 -9.805770 0.590675 -6.877466 0.000000 0.000000 0.000000 -2.464318 -10.497506 -10.204800 22.382421 -7.728870 -1.274115 -15.797589 -3.124434 10.131448 0.000000 0.000000 0.000000 5.003092 -1.172017 -1.158778 1.109321 -0.271077 -0.031415 1.108952 -0.268923 -0.008742 1.068500 -0.714481 0.455485 0.000000 0.000000 0.000000 0.673649 -2.370938 -16.177839 4.681144 -4.463234 -38.576304 -0.000014 -66.266181 0.000001 0.000000 0.000000 0.000000 0.038714 8.513125 22.054860 -2.574712 6.070741 53.627220 0.000016 7.000420 -0.000008 0.000000 0.000000 0.000000 
-1.817312 93.206932 3.710476 -3.086951 4.878726 2.783661 -2.324222 7.170767 5.541908 16.691698 3.092498 0.636554 -10.478519 0.698981 -6.901560 0.000000 0.000000 0.000000 -1.968118 -10.610819 -10.081912 22.299533 -7.197051 -1.284713 -15.788177 -3.030753 10.059170 0.000000 0.000000 0.000000 4.969012 -1.052781 -1.073062 1.118993 -0.239790 0.000567 1.118717 -0.238732 0.023440 1.105429 -0.702390 0.466939 0.000000 0.000000 0.000000 0.666972 -2.459434 -16.234286 4.544409 -4.418109 -38.661316 -0.000006 -66.009851 0.000012 0.000000 0.000000 0.000000 0.024933 8.585869 22.182269 -2.956846 6.272163 53.525157 -0.000011 7.289615 0.000005 0.000000 0.000000 0.000000 
-1.715143 93.199165 3.804767 -3.494842 4.464385 2.586397 -1.935394 7.441989 5.721288 17.266588 3.133255 0.637589 -11.037068 0.791552 -6.862080 0.000000 0.000000 0.000000 -1.505981 -10.788041 -10.020033 22.097119 -6.617761 -1.269215 -15.685820 -3.003160 9.993772 0.000000 0.000000 0.000000 4.965550 -0.989824 -1.007610 1.127274 -0.222863 0.036707 1.127128 -0.222900 0.060502 1.139170 -0.688608 0.457661 0.000000 0.000000 0.000000 0.663034 -2.509683 -16.293322 4.568268 -4.554654 -38.714612 -0.000019 -65.885180 -0.000023 0.000000 0.000000 0.000000 0.008538 8.702410 22.229402 -3.301679 6.338200 53.602423 0.000001 7.520449 0.000004 0.000000 0.000000 0.000000 
-1.570296 93.225105 3.877066 -3.705498 4.185998 2.450235 -1.620447 7.633780 5.751847 17.451096 3.167799 0.639746 -11.331443 0.859690 -6.765203 0.000000 0.000000 0.000000 -1.171922 -11.006474 -10.051734 21.728601 -6.129536 -1.249084 -15.481445 -2.975153 9.978061 0.000000 0.000000 0.000000 4.863930 -0.944322 -0.978555 1.112390 -0.210030 0.059594 1.112343 -0.210930 0.082513 1.161450 -0.680979 0.432324 0.000000 0.000000 0.000000 0.664579 -2.481218 -16.389756 4.642930 -4.871840 -38.638421 0.000035 -65.834206 0.000042 0.000000 0.000000 0.000000 0.010110 8.709438 22.137232 -3.597511 6.328453 53.880118 0.000022 7.712317 -0.000007 0.000000 0.000000 0.000000 
-1.397502 93.257484 3.932186 -3.801534 3.942612 2.338654 -1.380527 7.715465 5.696997 17.515166 3.301239 0.639924 -11.535021 0.918206 -6.651313 0.000000 0.000000 0.000000 -0.959817 -11.208612 -10.141241 21.328751 -5.675537 -1.215982 -15.234307 -2.952043 9.986645 0.000000 0.000000 0.000000 4.706311 -0.864478 -0.953906 1.080638 -0.188261 0.063165 1.080595 -0.190096 0.078008 1.157611 -0.679581 0.403904 0.000000 0.000000 0.000000 0.670649 -2.389949 -16.494692 4.666205 -5.288360 -38.418615 -0.000046 -65.847101 -0.000034 0.000000 0.000000 0.000000 0.025000 8.619402 21.984484 -3.811863 6.300718 54.241172 -0.000005 7.927091 -0.000022 0.000000 0.000000 0.000000 
-1.209219 93.263367 3.951028 -3.748613 3.744187 2.272831 -1.358563 7.714711 5.562906 17.623637 3.484101 0.638807 -11.706671 0.968105 -6.517696 0.000000 0.000000 0.000000 -1.023400 -11.326904 -10.302483 21.120856 -5.321571 -1.199465 -15.042641 -2.941297 10.048726 0.000000 0.000000 0.000000 4.538596 -0.744381 -0.912105 1.043609 -0.155687 0.063164 1.043515 -0.157258 0.069731 1.134327 -0.679353 0.369225 0.000000 0.000000 0.000000 0.678212 -2.281194 -16.590941 4.640276 -5.671412 -38.124180 -0.000014 -65.951685 -0.000028 0.000000 0.000000 0.000000 0.036989 8.549249 21.829896 -3.893349 6.314177 54.582586 0.000002 8.211639 -0.000018 0.000000 0.000000 0.000000 
